day_of_year,day_temp,humidity,cloud_cover,uv_index,day_type
0.4093406593406594,0.627906976744186,0.7288888888888888,0.0,0.5363636363636364,Sunny
0.4478021978021978,0.5093023255813953,0.4333333333333334,0.23500000000000001,0.3,Sunny
0.5137362637362638,0.6558139534883721,0.37333333333333335,0.34700000000000003,0.38181818181818183,Sunny
0.4752747252747253,0.8186046511627908,0.5544444444444444,0.922,0.5181818181818182,Cloudy
0.4120879120879121,0.4906976744186047,0.5177777777777778,0.589,0.2545454545454545,Cloudy
0.4175824175824176,0.4906976744186047,0.4544444444444445,0.11599999999999999,0.4818181818181818,Sunny
0.4010989010989011,0.8279069767441861,0.7100000000000001,0.5720000000000001,0.6818181818181819,Cloudy
0.6456043956043956,0.6767441860465117,0.7677777777777777,0.063,0.6818181818181819,Sunny
0.33791208791208793,0.44651162790697674,0.5755555555555555,0.721,0.24545454545454548,Cloudy
0.6208791208791209,0.6348837209302325,0.8844444444444444,0.332,0.509090909090909,Sunny
0.4093406593406594,0.4488372093023256,0.3022222222222223,0.42700000000000005,0.18181818181818182,Sunny
0.3928571428571429,0.4488372093023256,0.5122222222222222,0.7809999999999999,0.2636363636363636,Cloudy
0.4175824175824176,0.5790697674418605,0.3966666666666668,0.128,0.4818181818181818,Sunny
0.024725274725274728,0.17906976744186048,0.14111111111111113,0.10099999999999999,0.05454545454545454,Cold
0.0,0.213953488372093,0.5366666666666666,0.304,0.09090909090909091,Cold
0.5082417582417583,0.43023255813953487,0.5288888888888889,0.71,0.09090909090909091,Cloudy
0.2692307692307693,0.3465116279069767,0.8922222222222222,0.07,0.28181818181818186,Sunny
0.5467032967032968,0.5930232558139535,0.6955555555555555,0.0,0.6272727272727273,Sunny
0.19505494505494508,0.36511627906976746,0.3277777777777778,0.337,0.2727272727272727,Sunny
0.2307692307692308,0.27209302325581397,0.9677777777777776,0.588,0.0,Cloudy
0.5934065934065934,0.8069767441860466,0.8266666666666668,0.75,0.49090909090909096,Rainy
0.42307692307692313,0.49302325581395345,0.6844444444444444,0.334,0.4727272727272728,Sunny
0.4917582417582418,0.5465116279069767,0.5055555555555555,0.34700000000000003,0.4636363636363636,Sunny
0.25000000000000006,0.26976744186046514,0.3422222222222222,0.738,0.19090909090909092,Cloudy
0.2994505494505495,0.43255813953488376,0.47333333333333333,0.0,0.5363636363636364,Sunny
0.4093406593406594,0.555813953488372,0.7977777777777777,0.353,0.5272727272727272,Sunny
0.10164835164835165,0.32093023255813957,0.9744444444444444,0.498,0.018181818181818184,Sunny
0.5494505494505495,0.6046511627906976,0.8988888888888888,0.562,0.4727272727272728,Cloudy
0.3928571428571429,0.4232558139534883,0.4466666666666667,0.32299999999999995,0.3,Sunny
0.5109890109890111,0.48139534883720925,0.3066666666666667,0.459,0.2636363636363636,Sunny
0.42307692307692313,0.4232558139534883,0.5866666666666666,0.0,0.43636363636363634,Sunny
0.5109890109890111,0.8790697674418604,0.16222222222222227,0.28500000000000003,0.8636363636363636,Sunny
0.5467032967032968,0.5325581395348837,0.6277777777777778,0.563,0.3727272727272727,Cloudy
0.4450549450549451,0.3372093023255814,0.5222222222222221,0.204,0.18181818181818182,Sunny
0.5521978021978022,0.6883720930232559,0.45222222222222225,0.465,0.5909090909090909,Sunny
0.3543956043956044,0.3069767441860465,0.20111111111111113,0.562,0.045454545454545456,Cloudy
0.6181318681318682,0.5744186046511628,0.6699999999999999,0.364,0.4636363636363636,Sunny
0.21153846153846156,0.16976744186046516,0.4366666666666667,0.493,0.0,Cold
0.989010989010989,0.2883720930232558,0.29555555555555557,0.209,0.19090909090909092,Cold
0.5109890109890111,0.572093023255814,0.0,0.39799999999999996,0.5,Sunny
0.4670329670329671,0.6720930232558139,0.5488888888888889,0.603,0.35454545454545455,Cloudy
0.5824175824175825,0.5674418604651162,0.9488888888888889,0.489,0.5636363636363637,Sunny
0.5631868131868133,0.5139534883720931,0.9244444444444444,0.303,0.2363636363636364,Rainy
0.46428571428571436,0.4790697674418605,0.4544444444444445,0.506,0.2363636363636364,Sunny
0.32142857142857145,0.26046511627906976,0.4222222222222222,0.629,0.06363636363636363,Cloudy
0.3516483516483517,0.4,0.66,0.0,0.4545454545454546,Sunny
0.35989010989010994,0.4488372093023256,0.33333333333333337,0.74,0.17272727272727273,Cloudy
0.6208791208791209,0.7325581395348837,0.6222222222222222,0.36600000000000005,0.5909090909090909,Hot
0.6620879120879122,0.5976744186046512,0.7255555555555555,0.556,0.43636363636363634,Cloudy
0.15109890109890112,0.20697674418604656,0.8277777777777777,0.7490000000000001,0.0,Rainy
0.4670329670329671,0.5953488372093023,0.5333333333333333,0.107,0.6818181818181819,Sunny
1.0,0.4627906976744186,0.51,0.273,0.43636363636363634,Cold
0.271978021978022,0.40930232558139534,0.36,0.378,0.35454545454545455,Sunny
0.576923076923077,0.6488372093023256,0.37222222222222223,0.254,0.4727272727272728,Sunny
0.8076923076923078,0.7255813953488373,0.5055555555555555,0.8840000000000001,0.4,Cloudy
0.019230769230769232,0.7093023255813954,0.6366666666666666,0.23600000000000002,0.6,Cold
0.5412087912087913,0.3790697674418605,0.7588888888888888,0.311,0.17272727272727273,Sunny
0.4945054945054946,0.4767441860465116,0.37666666666666665,0.501,0.32727272727272727,Sunny
0.3626373626373627,0.5976744186046512,0.8877777777777778,0.149,0.49090909090909096,Sunny
0.631868131868132,0.7162790697674418,0.4955555555555556,0.35100000000000003,0.6454545454545454,Sunny
0.21153846153846156,0.44651162790697674,0.5511111111111111,0.529,0.15454545454545454,Sunny
0.5137362637362638,0.5,0.39000000000000007,0.36700000000000005,0.5272727272727272,Sunny
0.29670329670329676,0.32790697674418606,0.016666666666666677,0.42700000000000005,0.09090909090909091,Sunny
0.3626373626373627,0.31162790697674414,0.7522222222222222,0.318,0.21818181818181817,Sunny
0.6895604395604397,0.686046511627907,0.7188888888888889,0.071,0.7363636363636363,Sunny
0.6208791208791209,0.786046511627907,0.49333333333333335,0.53,0.5454545454545454,Hot
0.4587912087912088,0.5209302325581395,0.57,0.8890000000000001,0.2727272727272727,Cloudy
0.7197802197802199,0.7209302325581395,0.6699999999999999,0.455,0.4454545454545455,Sunny
0.4093406593406594,0.6023255813953489,0.20777777777777778,0.506,0.5545454545454546,Sunny
0.3241758241758242,0.413953488372093,0.43777777777777777,0.623,0.19090909090909092,Cloudy
0.4120879120879121,0.6023255813953489,0.7322222222222222,0.133,0.5,Sunny
0.5302197802197802,0.8209302325581395,0.27666666666666667,0.876,0.4727272727272728,Cloudy
0.5934065934065934,0.5279069767441861,0.6211111111111112,0.501,0.41818181818181815,Sunny
0.5412087912087913,0.8255813953488372,0.2544444444444445,0.858,0.4636363636363636,Cloudy
0.12912087912087913,0.04651162790697676,0.6588888888888889,0.267,0.0,Cold
0.6016483516483517,0.6883720930232559,0.5477777777777777,0.905,0.33636363636363636,Cloudy
0.5576923076923077,0.5511627906976744,0.19666666666666666,0.644,0.20909090909090908,Cloudy
0.5741758241758242,0.4790697674418605,0.8144444444444444,0.588,0.4272727272727273,Cloudy
0.24725274725274726,0.5511627906976744,0.3922222222222222,0.509,0.3181818181818182,Sunny
0.04395604395604396,0.16511627906976745,0.37555555555555553,0.38799999999999996,0.1,Cold
0.5879120879120879,0.49302325581395345,0.6,0.75,0.2363636363636364,Cloudy
0.4175824175824176,0.6023255813953489,0.8111111111111111,0.485,0.33636363636363636,Sunny
0.6538461538461539,0.8093023255813953,0.33000000000000007,0.0,0.8090909090909092,Hot
0.5247252747252747,0.4395348837209302,0.5688888888888889,0.171,0.4454545454545455,Sunny
0.3653846153846154,0.38372093023255816,0.651111111111111,0.40399999999999997,0.21818181818181817,Sunny
0.3818681318681319,0.4418604651162791,0.7100000000000001,0.527,0.35454545454545455,Sunny
0.6236263736263736,0.7046511627906976,0.5944444444444444,0.436,0.6363636363636364,Sunny
0.543956043956044,0.5953488372093023,0.4744444444444445,0.755,0.4,Cloudy
0.3818681318681319,0.4372093023255814,0.3711111111111111,0.0,0.39090909090909093,Sunny
0.40659340659340665,0.6302325581395349,0.5744444444444444,0.48600000000000004,0.35454545454545455,Sunny
0.4560439560439561,0.5534883720930233,0.3177777777777778,0.0,0.5,Sunny
0.37912087912087916,0.713953488372093,0.0,0.64,0.5,Cloudy
0.20879120879120883,0.4046511627906977,0.6522222222222223,0.42600000000000005,0.3,Sunny
0.6401098901098902,0.4744186046511628,0.7566666666666666,0.555,0.07272727272727274,Cloudy
0.7142857142857143,0.4627906976744186,0.029999999999999985,0.23399999999999999,0.3727272727272727,Hot
0.31043956043956045,0.26279069767441865,0.3311111111111111,0.77,0.0,Cloudy
0.6043956043956045,0.5906976744186047,0.6933333333333334,0.71,0.3090909090909091,Sunny
0.35989010989010994,0.5837209302325582,1.0,0.596,0.4818181818181818,Hot
0.6291208791208792,0.5348837209302326,0.5599999999999999,0.418,0.41818181818181815,Sunny
0.46428571428571436,0.4906976744186047,0.39333333333333337,0.595,0.39090909090909093,Cloudy
0.20604395604395606,0.27209302325581397,0.5144444444444444,0.273,0.15454545454545454,Cold
0.1263736263736264,0.45581395348837217,0.861111111111111,0.664,0.3,Cloudy
0.6758241758241759,0.4720930232558139,0.4122222222222222,0.8620000000000001,0.3090909090909091,Cloudy
0.06593406593406594,0.38604651162790704,0.3777777777777778,0.718,0.24545454545454548,Cloudy
0.7692307692307693,0.5046511627906977,0.4477777777777778,0.268,0.3090909090909091,Sunny
0.8406593406593408,0.6093023255813953,0.3433333333333333,0.54,0.39090909090909093,Sunny
0.5247252747252747,0.886046511627907,0.5833333333333333,0.127,0.8090909090909092,Hot
0.5576923076923077,0.5674418604651162,0.9166666666666667,0.593,0.4,Cloudy
0.47252747252747257,0.5837209302325582,0.6277777777777778,0.563,0.4454545454545455,Cloudy
0.28571428571428575,0.5209302325581395,0.5,0.0,0.4454545454545455,Sunny
0.1730769230769231,0.17674418604651165,0.4911111111111112,0.16,0.12727272727272726,Cold
0.4175824175824176,0.530232558139535,0.20777777777777778,0.379,0.20909090909090908,Sunny
0.4587912087912088,0.5465116279069767,0.7522222222222222,0.375,0.5454545454545454,Sunny
0.5521978021978022,0.9930232558139536,0.5377777777777777,0.14800000000000002,0.890909090909091,Hot
0.7252747252747254,0.5,0.5155555555555555,0.547,0.3090909090909091,Sunny
0.5274725274725275,0.5906976744186047,1.0,0.513,0.3727272727272727,Sunny
0.6098901098901099,0.5279069767441861,0.6222222222222222,0.401,0.4818181818181818,Sunny
0.2417582417582418,0.3186046511627907,0.3888888888888889,0.261,0.0,Sunny
0.5164835164835165,0.7465116279069768,0.4611111111111112,0.7120000000000001,0.4818181818181818,Cloudy
0.5164835164835165,0.6744186046511628,0.8111111111111111,0.8640000000000001,0.35454545454545455,Rainy
0.47802197802197804,0.6813953488372092,0.581111111111111,0.329,0.5181818181818182,Sunny
0.14560439560439561,0.36511627906976746,0.23555555555555557,0.297,0.41818181818181815,Sunny
0.5521978021978022,0.7953488372093024,0.76,0.573,0.509090909090909,Cloudy
0.2197802197802198,0.2744186046511628,0.4066666666666667,0.36,0.21818181818181817,Cold
0.4862637362637363,0.644186046511628,0.9722222222222223,0.41500000000000004,0.5272727272727272,Sunny
0.6153846153846154,0.941860465116279,0.7955555555555555,0.635,0.8272727272727273,Cloudy
0.3351648351648352,0.3511627906976745,0.4566666666666667,0.0,0.29090909090909095,Sunny
0.5274725274725275,0.43023255813953487,0.84,0.78,0.08181818181818182,Rainy
0.48076923076923084,0.5534883720930233,0.5711111111111111,0.46799999999999997,0.4818181818181818,Sunny
0.3708791208791209,0.4418604651162791,0.7455555555555555,0.34700000000000003,0.35454545454545455,Sunny
0.041208791208791215,0.24651162790697673,0.6633333333333333,0.428,0.0,Cold
0.598901098901099,0.5465116279069767,0.3677777777777778,0.441,0.33636363636363636,Sunny
0.2527472527472528,0.3372093023255814,0.4122222222222222,0.017,0.36363636363636365,Sunny
0.40659340659340665,0.6232558139534884,0.7844444444444444,0.8240000000000001,0.4,Cloudy
0.25000000000000006,0.3627906976744186,0.4811111111111111,0.46,0.13636363636363635,Sunny
0.5576923076923077,0.8232558139534883,0.46555555555555556,0.561,0.35454545454545455,Cloudy
0.34890109890109894,0.3883720930232558,0.3433333333333333,0.688,0.18181818181818182,Cloudy
0.6071428571428572,0.4744186046511628,0.65,0.195,0.29090909090909095,Sunny
0.6401098901098902,0.686046511627907,1.0,0.568,0.3,Cloudy
0.32142857142857145,0.3069767441860465,0.3177777777777778,0.383,0.0,Sunny
0.3708791208791209,0.5767441860465117,0.5611111111111111,0.662,0.4090909090909091,Cloudy
0.6126373626373627,0.7790697674418605,0.8688888888888889,0.0,0.7909090909090909,Hot
0.060439560439560454,0.23488372093023258,0.5377777777777777,0.425,0.06363636363636363,Cold
0.4093406593406594,0.5697674418604651,0.6555555555555556,0.299,0.5909090909090909,Sunny
0.4395604395604396,0.5837209302325582,0.32,0.5579999999999999,0.43636363636363634,Cloudy
0.5247252747252747,0.6813953488372092,0.651111111111111,0.568,0.6181818181818182,Cloudy
0.26373626373626374,0.3046511627906977,0.5144444444444444,0.273,0.08181818181818182,Sunny
1.0,0.2883720930232558,0.7744444444444445,0.272,0.18181818181818182,Cold
0.8296703296703297,0.6325581395348838,0.8188888888888889,0.42200000000000004,0.33636363636363636,Sunny
0.4587912087912088,0.5906976744186047,1.0,0.226,0.49090909090909096,Sunny
0.5274725274725275,0.5813953488372093,0.6844444444444444,0.66,0.3181818181818182,Cloudy
0.4917582417582418,0.6,0.6277777777777778,0.358,0.5272727272727272,Sunny
0.1675824175824176,0.40930232558139534,0.5988888888888888,0.0,0.4090909090909091,Sunny
0.5412087912087913,0.5790697674418605,0.4766666666666666,0.35600000000000004,0.509090909090909,Sunny
0.3983516483516484,0.5883720930232559,0.6311111111111111,0.19,0.5818181818181819,Sunny
0.39560439560439564,0.4023255813953489,0.49000000000000005,0.042,0.5818181818181819,Sunny
0.598901098901099,0.8813953488372093,0.5933333333333333,0.141,0.8,Hot
0.41483516483516486,0.6232558139534884,0.8488888888888889,0.47700000000000004,0.36363636363636365,Sunny
0.2994505494505495,0.313953488372093,0.33222222222222225,0.782,0.05454545454545454,Cloudy
0.7060439560439561,0.6581395348837209,0.8088888888888889,0.528,0.39090909090909093,Sunny
0.15109890109890112,0.35348837209302325,0.8477777777777777,0.298,0.38181818181818183,Rainy
0.565934065934066,0.6813953488372092,0.5288888888888889,0.564,0.4545454545454546,Cloudy
0.6593406593406594,0.7511627906976743,0.08444444444444445,0.335,0.5818181818181819,Hot
0.2994505494505495,0.38139534883720927,0.42,0.276,0.2363636363636364,Sunny
0.6236263736263736,0.713953488372093,0.8433333333333334,0.161,0.7181818181818183,Sunny
0.3626373626373627,0.6116279069767442,0.5499999999999999,0.012,0.5909090909090909,Sunny
0.6071428571428572,0.6883720930232559,0.33333333333333337,0.353,0.5,Sunny
0.5714285714285715,0.8883720930232559,0.4433333333333333,0.49,0.8636363636363636,Hot
0.5851648351648352,0.4883720930232558,0.7422222222222222,0.42600000000000005,0.2545454545454545,Sunny
0.4505494505494506,0.39534883720930236,0.6766666666666667,0.34600000000000003,0.2727272727272727,Sunny
0.2884615384615385,0.3697674418604651,0.5022222222222222,0.214,0.35454545454545455,Sunny
0.6401098901098902,0.38372093023255816,0.4744444444444445,0.6020000000000001,0.018181818181818184,Cloudy
0.2417582417582418,0.5209302325581395,0.46888888888888897,0.121,0.5181818181818182,Sunny
0.7500000000000001,0.5976744186046512,0.35111111111111115,0.644,0.2636363636363636,Cloudy
0.5082417582417583,0.586046511627907,0.9144444444444444,0.19899999999999998,0.5909090909090909,Sunny
0.5714285714285715,0.6883720930232559,0.4844444444444445,0.262,0.509090909090909,Sunny
0.5796703296703297,0.5372093023255814,0.8255555555555555,0.083,0.5727272727272728,Sunny
0.6593406593406594,0.8046511627906977,0.8933333333333333,0.325,0.7909090909090909,Hot
0.6565934065934067,0.4860465116279069,0.7777777777777778,0.6940000000000001,0.3090909090909091,Cloudy
0.5631868131868133,1.0,0.46,0.579,0.8090909090909092,Cloudy
0.521978021978022,0.6511627906976745,0.6455555555555554,0.6950000000000001,0.38181818181818183,Cloudy
0.6428571428571429,0.37441860465116283,0.5499999999999999,0.5810000000000001,0.10909090909090909,Cloudy
0.2142857142857143,0.33488372093023255,0.35444444444444445,0.174,0.4090909090909091,Sunny
0.42582417582417587,0.6255813953488372,0.6277777777777778,0.36700000000000005,0.4272727272727273,Sunny
0.37912087912087916,0.49302325581395345,0.29333333333333333,0.255,0.3090909090909091,Sunny
0.6291208791208792,0.6674418604651163,0.82,0.783,0.4454545454545455,Rainy
0.46978021978021983,0.6232558139534884,0.45222222222222225,0.151,0.5,Sunny
0.3571428571428572,0.5209302325581395,0.6,0.6729999999999999,0.19090909090909092,Cloudy
0.43131868131868134,0.3767441860465116,0.6188888888888889,0.6729999999999999,0.0,Cloudy
0.06868131868131869,0.2534883720930233,0.4977777777777778,0.907,0.0,Cloudy
0.37912087912087916,0.4511627906976744,0.6855555555555556,0.348,0.3181818181818182,Sunny
0.4395604395604396,0.6953488372093023,0.45,0.628,0.49090909090909096,Cloudy
0.6098901098901099,0.5744186046511628,0.7488888888888889,1.0,0.3,Rainy
0.05219780219780221,0.3023255813953488,0.2566666666666667,0.29600000000000004,0.24545454545454548,Sunny
0.49725274725274726,0.5674418604651162,0.5833333333333333,0.066,0.5272727272727272,Sunny
0.6675824175824177,0.6069767441860465,0.9866666666666666,0.0,0.5909090909090909,Sunny
0.20879120879120883,0.3697674418604651,0.33333333333333337,0.628,0.19090909090909092,Cloudy
0.46428571428571436,0.5627906976744186,0.40444444444444444,0.0,0.6818181818181819,Sunny
0.5631868131868133,0.5465116279069767,0.6699999999999999,0.35700000000000004,0.4272727272727273,Sunny
0.13736263736263737,0.32325581395348835,0.5955555555555555,0.559,0.08181818181818182,Cloudy
0.5961538461538463,0.6023255813953489,0.6333333333333333,0.49600000000000005,0.32727272727272727,Sunny
0.39010989010989017,0.6395348837209303,0.6644444444444444,0.556,0.3090909090909091,Cloudy
0.6236263736263736,0.7372093023255815,0.6966666666666667,0.506,0.6181818181818182,Hot
0.6346153846153847,0.7302325581395348,0.8022222222222223,0.77,0.5,Rainy
0.05219780219780221,0.27906976744186046,0.6466666666666667,0.212,0.2545454545454545,Cold
0.47802197802197804,0.3604651162790698,0.5022222222222222,0.281,0.24545454545454548,Sunny
0.6978021978021979,0.6302325581395349,0.7055555555555555,0.257,0.6636363636363637,Sunny
0.5851648351648352,0.6302325581395349,0.9777777777777779,0.658,0.34545454545454546,Cloudy
0.6043956043956045,0.6302325581395349,0.5255555555555556,0.675,0.4727272727272728,Cloudy
0.7005494505494506,1.0,0.3388888888888889,0.563,0.7909090909090909,Cloudy
0.5851648351648352,0.6418604651162791,0.801111111111111,0.746,0.3181818181818182,Rainy
0.41483516483516486,0.7465116279069768,0.5288888888888889,0.155,0.7454545454545454,Hot
0.4560439560439561,0.7116279069767443,0.07222222222222223,0.867,0.43636363636363634,Cloudy
0.7115384615384616,0.6558139534883721,0.7433333333333334,0.831,0.38181818181818183,Rainy
0.6263736263736265,0.4767441860465116,0.4366666666666667,0.634,0.2545454545454545,Cloudy
0.5604395604395604,0.6767441860465117,0.5355555555555556,0.895,0.34545454545454546,Cloudy
0.41483516483516486,0.3906976744186047,0.6288888888888888,0.036000000000000004,0.5909090909090909,Sunny
0.9532967032967034,0.4906976744186047,0.5977777777777777,0.319,0.4818181818181818,Cold
0.3076923076923077,0.44418604651162796,0.7133333333333334,0.266,0.4090909090909091,Sunny
0.6730769230769231,0.5511627906976744,0.45888888888888885,0.63,0.33636363636363636,Cloudy
0.5302197802197802,0.9651162790697674,0.6699999999999999,0.187,0.990909090909091,Hot
0.1318681318681319,0.1883720930232558,0.4977777777777778,0.639,0.0,Cloudy
0.6675824175824177,0.6627906976744186,0.72,0.793,0.3727272727272727,Rainy
0.013736263736263736,0.23488372093023258,0.6922222222222222,0.624,0.0,Cloudy
0.4587912087912088,0.44651162790697674,0.3477777777777778,0.521,0.24545454545454548,Sunny
0.5412087912087913,0.7372093023255815,0.7966666666666666,0.203,0.3727272727272727,Hot
0.7500000000000001,0.5465116279069767,0.4366666666666667,0.23800000000000002,0.4818181818181818,Sunny
0.44230769230769235,0.33488372093023255,0.7355555555555555,0.762,0.009090909090909092,Rainy
0.43131868131868134,0.4023255813953489,0.6366666666666666,0.645,0.3090909090909091,Cloudy
0.46428571428571436,0.6604651162790698,0.9644444444444444,0.44,0.5,Sunny
0.016483516483516484,0.4,0.5055555555555555,0.34600000000000003,0.16363636363636364,Sunny
0.6126373626373627,0.5744186046511628,0.4777777777777778,0.0,0.5727272727272728,Sunny
0.16208791208791212,0.5441860465116278,0.5511111111111111,0.182,0.38181818181818183,Sunny
0.2774725274725275,0.413953488372093,0.4877777777777778,0.9279999999999999,0.1181818181818182,Cloudy
0.5796703296703297,0.9348837209302325,0.7333333333333333,0.13,0.9181818181818182,Hot
0.5192307692307693,0.6534883720930232,0.19666666666666666,0.49700000000000005,0.5636363636363637,Sunny
0.2417582417582418,0.15813953488372096,0.3211111111111111,0.7020000000000001,0.0,Cloudy
0.7362637362637363,0.5697674418604651,0.3177777777777778,0.136,0.5272727272727272,Sunny
0.24725274725274726,0.41162790697674423,0.7666666666666666,0.49600000000000005,0.10909090909090909,Sunny
0.46153846153846156,0.6930232558139534,0.9355555555555555,0.684,0.509090909090909,Cloudy
0.3571428571428572,0.3883720930232558,0.5322222222222222,0.45299999999999996,0.2727272727272727,Sunny
0.5412087912087913,0.5139534883720931,0.5177777777777778,1.0,0.19090909090909092,Cloudy
0.6538461538461539,0.627906976744186,0.5711111111111111,0.033,0.6181818181818182,Sunny
0.6483516483516484,0.6953488372093023,0.8133333333333334,0.715,0.4727272727272728,Rainy
0.34890109890109894,0.31162790697674414,0.35000000000000003,0.40700000000000003,0.3090909090909091,Sunny
0.5961538461538463,0.4720930232558139,0.6088888888888888,0.643,0.20909090909090908,Hot
0.3571428571428572,0.44651162790697674,0.7722222222222223,0.56,0.2545454545454545,Cloudy
0.42582417582417587,0.413953488372093,0.6666666666666666,0.267,0.21818181818181817,Sunny
0.6401098901098902,0.8627906976744186,0.5977777777777777,0.507,0.6,Hot
0.34065934065934067,0.6093023255813953,0.7777777777777778,0.0,0.6181818181818182,Sunny
0.21153846153846156,0.3,0.0,0.601,0.18181818181818182,Cloudy
0.4752747252747253,0.7046511627906976,0.7066666666666666,0.525,0.49090909090909096,Sunny
0.7197802197802199,0.930232558139535,0.41,0.61,0.6909090909090909,Cloudy
0.5686813186813188,0.727906976744186,0.1488888888888889,0.715,0.4272727272727273,Cloudy
0.12087912087912088,0.25116279069767444,0.6688888888888889,0.542,0.009090909090909092,Cold
0.11263736263736264,0.44418604651162796,0.861111111111111,0.48700000000000004,0.29090909090909095,Sunny
0.43131868131868134,0.7697674418604652,0.5255555555555556,0.23,0.5545454545454546,Hot
0.5109890109890111,0.4023255813953489,0.7677777777777777,0.272,0.41818181818181815,Sunny
0.543956043956044,0.6186046511627907,0.9133333333333333,0.747,0.29090909090909095,Hot
0.6620879120879122,0.6790697674418605,0.8477777777777777,0.809,0.4545454545454546,Rainy
0.24725274725274726,0.3627906976744186,0.9199999999999999,0.39,0.10909090909090909,Sunny
0.4505494505494506,0.5232558139534884,0.72,0.462,0.41818181818181815,Sunny
0.2252747252747253,0.0,0.5722222222222222,0.22399999999999998,0.0,Cold
0.41483516483516486,0.34418604651162793,0.2,0.743,0.10909090909090909,Cloudy
0.33791208791208793,0.4883720930232558,0.5011111111111111,0.616,0.17272727272727273,Cloudy
0.18406593406593408,0.3023255813953488,0.3677777777777778,0.935,0.0,Cloudy
0.5247252747252747,0.8395348837209302,1.0,0.23,0.6454545454545454,Hot
0.09615384615384616,0.26976744186046514,0.5166666666666666,0.355,0.1181818181818182,Cold
0.5494505494505495,0.4534883720930233,0.5833333333333333,0.508,0.36363636363636365,Sunny
0.5906593406593407,0.5581395348837209,0.6777777777777778,0.612,0.4090909090909091,Cloudy
0.565934065934066,0.8023255813953488,0.5655555555555555,0.396,0.6636363636363637,Hot
0.03846153846153847,0.2674418604651163,0.9322222222222223,0.23199999999999998,0.09090909090909091,Cold
0.37912087912087916,0.7511627906976743,0.4166666666666667,0.67,0.5636363636363637,Cloudy
0.3241758241758242,0.5372093023255814,0.5988888888888888,0.63,0.3090909090909091,Cloudy
0.21703296703296707,0.3511627906976745,0.39111111111111113,0.22100000000000003,0.06363636363636363,Sunny
0.4835164835164836,0.6209302325581395,0.26222222222222225,0.789,0.4090909090909091,Cloudy
0.5714285714285715,0.572093023255814,0.42,0.743,0.3,Cloudy
0.13736263736263737,0.4232558139534883,0.5477777777777777,0.484,0.35454545454545455,Sunny
0.3543956043956044,0.5488372093023256,0.46,0.47000000000000003,0.28181818181818186,Sunny
0.34890109890109894,0.4627906976744186,0.4022222222222223,0.589,0.0,Cloudy
0.21153846153846156,0.555813953488372,0.24333333333333335,0.23500000000000001,0.5,Sunny
0.5,0.6581395348837209,0.5366666666666666,0.45799999999999996,0.5181818181818182,Sunny
0.6510989010989011,0.830232558139535,0.2211111111111111,0.0,0.6727272727272727,Hot
0.14560439560439561,0.3046511627906977,0.7244444444444444,0.669,0.0,Cloudy
0.576923076923077,0.9325581395348836,0.5733333333333334,0.06,1.0,Hot
0.18956043956043958,0.172093023255814,0.23111111111111116,0.826,0.0,Cloudy
0.4505494505494506,0.5069767441860465,0.48666666666666664,0.36700000000000005,0.43636363636363634,Sunny
0.5604395604395604,0.644186046511628,0.3888888888888889,0.397,0.43636363636363634,Sunny
0.7472527472527474,0.586046511627907,0.6266666666666667,0.29300000000000004,0.29090909090909095,Sunny
0.41483516483516486,0.41860465116279066,0.8533333333333333,0.378,0.2636363636363636,Sunny
0.6620879120879122,0.49534883720930234,0.1388888888888889,0.805,0.18181818181818182,Cloudy
0.2142857142857143,0.44418604651162796,0.581111111111111,0.0,0.4090909090909091,Sunny
0.4752747252747253,0.4255813953488372,0.5199999999999999,0.7690000000000001,0.13636363636363635,Cloudy
0.4670329670329671,0.6930232558139534,0.7044444444444445,0.535,0.5181818181818182,Sunny
0.543956043956044,0.6023255813953489,0.6033333333333333,0.14800000000000002,0.5363636363636364,Sunny
0.3928571428571429,0.40697674418604657,0.3888888888888889,0.18100000000000002,0.2272727272727273,Sunny
0.5879120879120879,0.702325581395349,0.4844444444444445,0.8690000000000001,0.4272727272727273,Cloudy
0.6758241758241759,0.5930232558139535,0.37888888888888894,0.214,0.33636363636363636,Sunny
0.34065934065934067,0.686046511627907,0.7944444444444444,0.162,0.43636363636363634,Sunny
0.6263736263736265,0.6511627906976745,0.5599999999999999,0.7340000000000001,0.4545454545454546,Cloudy
0.47252747252747257,0.38139534883720927,0.9777777777777779,0.535,0.2363636363636364,Sunny
0.5247252747252747,0.43023255813953487,0.5422222222222222,0.21600000000000003,0.34545454545454546,Sunny
0.6126373626373627,0.6744186046511628,0.39777777777777773,0.504,0.36363636363636365,Sunny
0.39010989010989017,0.6488372093023256,0.2188888888888889,0.19399999999999998,0.5181818181818182,Sunny
0.6785714285714286,0.530232558139535,0.15444444444444444,0.725,0.24545454545454548,Rainy
0.46428571428571436,0.555813953488372,0.20333333333333337,0.715,0.15454545454545454,Cloudy
0.4505494505494506,0.772093023255814,0.6144444444444443,0.583,0.49090909090909096,Cloudy
0.5714285714285715,0.4255813953488372,0.6688888888888889,0.54,0.29090909090909095,Sunny
0.43131868131868134,0.6372093023255814,0.20444444444444443,0.89,0.4454545454545455,Cloudy
0.5192307692307693,0.4976744186046511,0.7544444444444445,0.45,0.3,Sunny
0.4175824175824176,0.49534883720930234,0.4477777777777778,0.155,0.509090909090909,Sunny
0.5137362637362638,0.7395348837209301,0.5877777777777777,0.562,0.36363636363636365,Cloudy
0.5109890109890111,0.6883720930232559,0.9133333333333333,0.9720000000000001,0.39090909090909093,Rainy
0.5879120879120879,0.686046511627907,0.7544444444444445,0.196,0.5454545454545454,Sunny
0.631868131868132,0.7767441860465116,0.4955555555555556,0.36,0.6727272727272727,Sunny
0.43681318681318687,0.5395348837209302,0.35777777777777786,0.554,0.3181818181818182,Cloudy
0.5521978021978022,0.6627906976744186,0.07777777777777777,0.43700000000000006,0.6272727272727273,Sunny
0.4917582417582418,0.4767441860465116,0.3955555555555556,0.204,0.32727272727272727,Sunny
0.5412087912087913,0.5953488372093023,0.5088888888888888,0.73,0.39090909090909093,Cloudy
0.4038461538461539,0.5116279069767442,0.33666666666666667,1.0,0.1181818181818182,Cloudy
0.34890109890109894,0.5534883720930233,0.5266666666666666,0.499,0.35454545454545455,Sunny
0.6730769230769231,0.6465116279069767,0.5722222222222222,0.22399999999999998,0.5454545454545454,Sunny
0.34340659340659346,0.38372093023255816,0.5055555555555555,0.063,0.28181818181818186,Sunny
0.543956043956044,0.9232558139534885,0.41111111111111115,0.514,0.7363636363636363,Hot
0.1675824175824176,0.3488372093023256,0.5933333333333333,0.726,0.08181818181818182,Cloudy
0.24725274725274726,0.30930232558139537,0.6533333333333333,0.569,0.12727272727272726,Cloudy
0.47802197802197804,0.7511627906976743,0.3133333333333334,0.449,0.6,Hot
0.8571428571428572,0.6813953488372092,0.8688888888888889,0.303,0.6454545454545454,Sunny
0.43406593406593413,0.6511627906976745,0.5333333333333333,0.177,0.6727272727272727,Sunny
0.7472527472527474,0.6511627906976745,0.5599999999999999,0.659,0.3181818181818182,Cloudy
0.5357142857142858,0.5325581395348837,0.7133333333333334,0.6779999999999999,0.36363636363636365,Cloudy
0.260989010989011,0.3674418604651163,0.6077777777777778,0.064,0.2363636363636364,Sunny
0.40659340659340665,0.5488372093023256,0.7677777777777777,0.8470000000000001,0.29090909090909095,Rainy
0.3571428571428572,0.40930232558139534,0.6188888888888889,0.594,0.24545454545454548,Cloudy
0.521978021978022,0.7162790697674418,0.42,0.8,0.2545454545454545,Cloudy
0.4917582417582418,0.5069767441860465,0.6355555555555555,0.114,0.4727272727272728,Sunny
0.3571428571428572,0.38139534883720927,0.30111111111111116,0.109,0.3,Sunny
0.43406593406593413,0.4744186046511628,0.58,0.413,0.2545454545454545,Sunny
0.598901098901099,0.6116279069767442,0.5477777777777777,0.5760000000000001,0.5272727272727272,Cloudy
0.5137362637362638,0.43023255813953487,0.5088888888888888,0.899,0.045454545454545456,Hot
0.13736263736263737,0.38139534883720927,0.5266666666666666,0.627,0.08181818181818182,Cloudy
0.6483516483516484,0.5790697674418605,0.13777777777777778,0.389,0.4454545454545455,Sunny
0.46978021978021983,0.5813953488372093,0.4333333333333334,0.193,0.5727272727272728,Sunny
0.21153846153846156,0.4395348837209302,0.5766666666666667,0.758,0.15454545454545454,Cloudy
0.07692307692307693,0.44651162790697674,0.5911111111111111,0.209,0.4727272727272728,Cold
0.6565934065934067,0.5790697674418605,0.32666666666666666,0.8570000000000001,0.3181818181818182,Cloudy
0.1043956043956044,0.2651162790697674,0.8366666666666667,0.379,0.0,Cold
0.3241758241758242,0.27209302325581397,0.3633333333333334,0.848,0.0,Cloudy
0.5274725274725275,0.4023255813953489,0.7711111111111112,0.62,0.12727272727272726,Cloudy
0.5961538461538463,0.49534883720930234,0.65,0.41600000000000004,0.39090909090909093,Sunny
0.5302197802197802,0.5930232558139535,0.4122222222222222,0.32,0.2363636363636364,Sunny
0.5494505494505495,0.8093023255813953,0.95,0.365,0.9090909090909092,Cloudy
0.5247252747252747,0.6953488372093023,0.29000000000000004,0.557,0.5454545454545454,Cloudy
0.326923076923077,0.5046511627906977,0.76,0.469,0.34545454545454546,Sunny
0.5521978021978022,0.530232558139535,0.7777777777777778,0.302,0.5272727272727272,Sunny
0.2774725274725275,0.3488372093023256,0.4066666666666667,0.409,0.4090909090909091,Sunny
0.6538461538461539,0.5325581395348837,0.8644444444444443,0.47000000000000003,0.43636363636363634,Sunny
0.326923076923077,0.48139534883720925,0.5,0.0,0.5636363636363637,Sunny
0.5824175824175825,0.5953488372093023,0.62,0.5650000000000001,0.4,Cloudy
0.5412087912087913,0.38139534883720927,0.6133333333333334,0.20500000000000002,0.29090909090909095,Sunny
0.5109890109890111,0.6325581395348838,0.5255555555555556,0.162,0.5272727272727272,Sunny
0.6950549450549451,0.8209302325581395,0.7355555555555555,0.027999999999999997,0.7363636363636363,Hot
0.6648351648351649,0.5139534883720931,0.7322222222222222,0.002,0.4545454545454546,Sunny
0.5879120879120879,0.6093023255813953,0.16666666666666669,0.111,0.4454545454545455,Sunny
0.7609890109890111,0.6627906976744186,0.8455555555555555,0.273,0.5545454545454546,Sunny
0.3818681318681319,0.46046511627906983,0.1866666666666667,0.938,0.0,Cloudy
0.42582417582417587,0.5767441860465117,0.7855555555555556,0.319,0.4818181818181818,Sunny
0.3653846153846154,0.5372093023255814,0.8055555555555556,0.494,0.35454545454545455,Sunny
0.5082417582417583,0.5534883720930233,0.3133333333333334,0.55,0.36363636363636365,Sunny
0.4395604395604396,0.3906976744186047,0.4644444444444445,0.483,0.16363636363636364,Sunny
0.7692307692307693,0.5395348837209302,0.31,0.43100000000000005,0.6636363636363637,Sunny
0.5357142857142858,0.627906976744186,0.5077777777777778,0.151,0.7000000000000001,Sunny
0.7307692307692308,0.8046511627906977,0.48666666666666664,0.813,0.4,Cloudy
0.5274725274725275,0.713953488372093,0.7288888888888888,0.902,0.4090909090909091,Rainy
0.598901098901099,0.9348837209302325,0.8466666666666667,0.028999999999999998,0.8727272727272727,Hot
0.42582417582417587,0.3930232558139535,0.8655555555555556,0.19399999999999998,0.2272727272727273,Sunny
0.6538461538461539,0.6976744186046512,0.43111111111111106,0.38,0.43636363636363634,Sunny
0.5796703296703297,0.5697674418604651,0.5088888888888888,0.209,0.5363636363636364,Sunny
0.739010989010989,0.941860465116279,0.1811111111111111,0.5760000000000001,0.6727272727272727,Cloudy
0.3983516483516484,0.38372093023255816,0.37666666666666665,0.268,0.3727272727272727,Sunny
0.22252747252747254,0.3790697674418605,0.7699999999999999,0.991,0.10909090909090909,Rainy
0.5054945054945056,0.4232558139534883,0.9144444444444444,0.748,0.2727272727272727,Rainy
0.10714285714285715,0.13953488372093026,0.2811111111111111,0.503,0.0,Cold
0.4120879120879121,0.4372093023255814,0.42444444444444446,0.7070000000000001,0.2272727272727273,Cloudy
0.2142857142857143,0.3930232558139535,0.5499999999999999,0.726,0.19090909090909092,Cloudy
0.6675824175824177,0.5627906976744186,0.6177777777777776,0.309,0.4090909090909091,Sunny
0.46978021978021983,0.5976744186046512,0.37555555555555553,0.24600000000000002,0.43636363636363634,Sunny
0.6565934065934067,0.8837209302325582,0.65,0.47000000000000003,0.8636363636363636,Sunny
0.6346153846153847,0.7116279069767443,0.45,0.665,0.49090909090909096,Cloudy
0.41483516483516486,0.427906976744186,0.5522222222222223,0.485,0.3090909090909091,Sunny
0.4120879120879121,0.3674418604651163,0.6766666666666667,0.055999999999999994,0.2727272727272727,Sunny
0.5137362637362638,0.6255813953488372,0.5566666666666666,0.249,0.4272727272727273,Sunny
0.9203296703296704,0.2883720930232558,0.45888888888888885,0.43200000000000005,0.08181818181818182,Cold
0.48076923076923084,0.8767441860465117,0.5311111111111111,0.43100000000000005,0.7090909090909091,Hot
0.554945054945055,0.7534883720930232,0.5355555555555556,0.943,0.3181818181818182,Cloudy
0.5082417582417583,0.44651162790697674,0.47333333333333333,0.10400000000000001,0.4090909090909091,Sunny
0.05494505494505495,0.21627906976744188,0.4977777777777778,0.5760000000000001,0.0,Cloudy
0.5412087912087913,0.786046511627907,0.9111111111111112,0.8220000000000001,0.38181818181818183,Rainy
0.631868131868132,0.5139534883720931,0.68,1.0,0.20909090909090908,Rainy
0.5082417582417583,0.7651162790697674,0.49000000000000005,0.349,0.6909090909090909,Hot
0.08241758241758242,0.2372093023255814,0.7100000000000001,0.573,0.0,Cloudy
0.3818681318681319,0.4232558139534883,0.4811111111111111,0.5920000000000001,0.1181818181818182,Cloudy
0.3653846153846154,0.5348837209302326,0.8166666666666667,0.499,0.2636363636363636,Sunny
0.6593406593406594,0.5441860465116278,0.6377777777777778,0.425,0.35454545454545455,Sunny
0.19780219780219782,0.4511627906976744,0.5322222222222222,0.559,0.3090909090909091,Cold
0.8021978021978022,0.6511627906976745,0.6555555555555556,0.0,0.7363636363636363,Sunny
0.2527472527472528,0.3372093023255814,0.20666666666666672,0.621,0.06363636363636363,Cloudy
0.5192307692307693,0.5093023255813953,0.3055555555555556,0.48200000000000004,0.2272727272727273,Sunny
0.20879120879120883,0.5581395348837209,0.29000000000000004,0.394,0.43636363636363634,Sunny
0.5686813186813188,0.6302325581395349,0.5877777777777777,0.9620000000000001,0.20909090909090908,Cloudy
0.5714285714285715,0.6674418604651163,0.9411111111111112,0.281,0.5181818181818182,Sunny
0.27472527472527475,0.32558139534883723,1.0,0.349,0.3181818181818182,Sunny
0.29670329670329676,0.24883720930232556,0.6977777777777777,0.948,0.0,Rainy
0.5274725274725275,0.772093023255814,0.6666666666666666,0.242,0.7000000000000001,Hot
0.6071428571428572,0.5976744186046512,0.15555555555555556,0.312,0.3727272727272727,Sunny
0.47802197802197804,0.39534883720930236,0.43444444444444447,0.413,0.2636363636363636,Sunny
0.7774725274725276,0.8232558139534883,0.38000000000000006,0.66,0.6818181818181819,Cloudy
0.7115384615384616,0.555813953488372,0.41777777777777786,0.502,0.33636363636363636,Sunny
0.5384615384615385,0.7534883720930232,0.5177777777777778,0.127,0.8272727272727273,Hot
0.8571428571428572,0.5465116279069767,0.4511111111111112,0.317,0.5454545454545454,Sunny
0.6785714285714286,0.9186046511627908,0.11555555555555554,0.298,0.9636363636363636,Hot
0.6593406593406594,0.8604651162790697,0.7222222222222222,0.43100000000000005,0.7272727272727273,Hot
0.5906593406593407,0.4883720930232558,0.3166666666666667,0.556,0.33636363636363636,Cloudy
0.5521978021978022,0.7162790697674418,0.6088888888888888,0.555,0.6454545454545454,Cloudy
0.6538461538461539,0.6558139534883721,1.0,0.006,0.6909090909090909,Hot
0.6868131868131869,0.7883720930232558,0.35111111111111115,0.716,0.4818181818181818,Cloudy
0.12362637362637365,0.35581395348837214,0.0,0.513,0.12727272727272726,Sunny
0.4560439560439561,0.6627906976744186,0.49222222222222217,0.7959999999999999,0.39090909090909093,Cloudy
0.4862637362637363,0.7325581395348837,0.7999999999999999,0.561,0.4090909090909091,Cloudy
0.9670329670329672,0.20697674418604656,0.991111111111111,0.725,0.0,Rainy
0.4917582417582418,0.313953488372093,0.2822222222222222,0.5670000000000001,0.20909090909090908,Cloudy
0.09890109890109891,0.15581395348837207,0.6655555555555556,0.787,0.0,Cloudy
0.5879120879120879,0.48372093023255813,0.45222222222222225,0.5810000000000001,0.4090909090909091,Cloudy
0.5631868131868133,0.6674418604651163,0.5322222222222222,0.42600000000000005,0.6181818181818182,Sunny
0.5714285714285715,0.813953488372093,1.0,1.0,0.4090909090909091,Rainy
0.5961538461538463,0.5488372093023256,0.2211111111111111,0.672,0.35454545454545455,Cloudy
0.6510989010989011,0.8372093023255814,0.6122222222222221,0.593,0.6181818181818182,Cloudy
0.05219780219780221,0.27906976744186046,0.66,0.131,0.34545454545454546,Cold
0.9972527472527473,0.2186046511627907,0.7966666666666666,0.128,0.2636363636363636,Cold
0.46153846153846156,0.5255813953488373,0.5777777777777777,0.523,0.20909090909090908,Sunny
0.3763736263736264,0.6069767441860465,0.6244444444444445,0.48600000000000004,0.4818181818181818,Sunny
0.6593406593406594,0.5279069767441861,0.46888888888888897,0.29600000000000004,0.4,Rainy
0.060439560439560454,0.1511627906976744,0.6155555555555556,0.485,0.0,Cold
0.42582417582417587,0.5186046511627908,0.478888888888889,0.8470000000000001,0.14545454545454548,Cloudy
0.33241758241758246,0.29302325581395355,0.6933333333333334,0.624,0.2272727272727273,Cloudy
0.7307692307692308,0.6604651162790698,0.47333333333333333,0.165,0.6909090909090909,Sunny
0.576923076923077,0.6023255813953489,0.6388888888888888,0.42200000000000004,0.38181818181818183,Sunny
0.18681318681318684,0.3604651162790698,0.5488888888888889,0.249,0.14545454545454548,Sunny
0.41483516483516486,0.4395348837209302,0.8055555555555556,0.353,0.2727272727272727,Sunny
0.24450549450549453,0.3372093023255814,0.5444444444444444,0.34700000000000003,0.2545454545454545,Sunny
0.6565934065934067,0.5232558139534884,0.16111111111111115,0.331,0.4272727272727273,Sunny
0.7115384615384616,0.7116279069767443,0.8355555555555556,0.136,0.7727272727272727,Sunny
0.315934065934066,0.3511627906976745,0.35444444444444445,0.418,0.2727272727272727,Sunny
0.4945054945054946,0.627906976744186,0.41,0.31,0.6,Sunny
0.3461538461538462,0.4372093023255814,0.4233333333333334,0.0,0.4636363636363636,Sunny
0.15934065934065936,0.3883720930232558,0.861111111111111,0.963,0.0,Rainy
0.32142857142857145,0.5139534883720931,0.08111111111111112,0.7220000000000001,0.2363636363636364,Cloudy
0.326923076923077,0.34186046511627904,1.0,0.35600000000000004,0.3090909090909091,Sunny
0.31318681318681324,0.43255813953488376,0.7899999999999999,0.455,0.2636363636363636,Sunny
0.43406593406593413,0.31162790697674414,0.6055555555555555,0.157,0.3,Sunny
0.5934065934065934,0.9000000000000001,0.5433333333333333,0.8740000000000001,0.5545454545454546,Cloudy
0.4395604395604396,0.541860465116279,0.6188888888888889,0.924,0.10909090909090909,Cloudy
0.3461538461538462,0.4046511627906977,0.6711111111111111,0.489,0.21818181818181817,Sunny
0.5521978021978022,0.5744186046511628,0.6988888888888889,0.706,0.34545454545454546,Rainy
0.29120879120879123,0.5139534883720931,0.6788888888888888,0.494,0.2727272727272727,Sunny
0.543956043956044,0.49302325581395345,0.5755555555555555,0.11599999999999999,0.4272727272727273,Sunny
0.7664835164835165,0.6488372093023256,0.5122222222222222,0.34700000000000003,0.43636363636363634,Sunny
0.6373626373626374,0.6767441860465117,0.5222222222222221,0.483,0.6,Sunny
0.4670329670329671,0.4372093023255814,0.5122222222222222,0.336,0.29090909090909095,Sunny
0.2884615384615385,0.427906976744186,0.8077777777777778,0.395,0.41818181818181815,Sunny
0.5714285714285715,0.48372093023255813,0.6877777777777778,0.42700000000000005,0.4636363636363636,Sunny
0.13461538461538464,0.10697674418604651,0.0,0.43,0.0,Cold
0.10714285714285715,0.2534883720930233,0.701111111111111,0.46299999999999997,0.0,Cold
0.6181318681318682,0.7883720930232558,0.5988888888888888,0.185,0.5272727272727272,Hot
0.576923076923077,0.8418604651162791,0.5511111111111111,0.271,0.6090909090909091,Hot
0.5879120879120879,0.4883720930232558,0.46888888888888897,0.129,0.3181818181818182,Sunny
0.5247252747252747,0.6418604651162791,0.8055555555555556,0.6940000000000001,0.5181818181818182,Cloudy
0.3736263736263737,0.5930232558139535,0.7666666666666666,0.0,0.6,Sunny
0.4945054945054946,1.0,0.38333333333333336,0.738,0.7636363636363637,Cloudy
0.598901098901099,0.7441860465116279,0.6455555555555554,0.797,0.2545454545454545,Cloudy
0.6043956043956045,0.5116279069767442,0.34,0.374,0.2636363636363636,Sunny
0.14560439560439561,0.3581395348837209,0.24888888888888888,0.0,0.43636363636363634,Sunny
0.12362637362637365,0.23488372093023258,0.4166666666666667,0.36,0.12727272727272726,Cold
0.565934065934066,0.572093023255814,0.7466666666666667,0.434,0.4,Sunny
0.5082417582417583,0.3930232558139535,0.7677777777777777,0.197,0.3727272727272727,Sunny
0.10714285714285715,0.26976744186046514,0.6699999999999999,0.321,0.3,Cold
0.6373626373626374,0.413953488372093,0.7166666666666667,0.833,0.09090909090909091,Rainy
0.18406593406593408,0.3325581395348837,0.6699999999999999,0.616,0.1181818181818182,Cloudy
0.5,0.8488372093023255,0.4133333333333334,0.219,0.7909090909090909,Hot
0.4670329670329671,0.7000000000000001,0.651111111111111,0.051,0.9,Sunny
0.5576923076923077,0.5325581395348837,0.7333333333333333,0.368,0.20909090909090908,Sunny
0.3653846153846154,0.8093023255813953,0.7233333333333333,0.397,0.7272727272727273,Hot
0.565934065934066,0.5488372093023256,0.82,0.574,0.32727272727272727,Cloudy
0.5631868131868133,0.37441860465116283,0.7133333333333334,0.316,0.3090909090909091,Sunny
0.4917582417582418,0.8186046511627908,0.6333333333333333,0.578,0.5454545454545454,Cloudy
0.3241758241758242,0.6348837209302325,0.7933333333333333,0.934,0.29090909090909095,Rainy
0.31318681318681324,0.34186046511627904,0.5499999999999999,0.654,0.17272727272727273,Cloudy
0.4945054945054946,0.5,0.36,0.438,0.6272727272727273,Sunny
0.16483516483516486,0.37209302325581395,0.5188888888888888,0.40399999999999997,0.3,Sunny
0.12912087912087913,0.27674418604651163,0.39000000000000007,0.36100000000000004,0.07272727272727274,Cold
0.7005494505494506,0.7069767441860465,0.4055555555555556,0.745,0.4,Cloudy
0.7115384615384616,0.8906976744186046,0.5233333333333333,0.29300000000000004,0.7454545454545454,Hot
0.19780219780219782,0.2744186046511628,0.38000000000000006,0.461,0.0,Cloudy
0.49725274725274726,0.6395348837209303,0.48666666666666664,0.46299999999999997,0.4454545454545455,Sunny
0.45329670329670335,0.413953488372093,0.13444444444444448,0.325,0.36363636363636365,Sunny
0.4560439560439561,0.44418604651162796,0.6033333333333333,0.107,0.29090909090909095,Sunny
0.4587912087912088,0.4255813953488372,0.5555555555555556,0.531,0.32727272727272727,Sunny
0.315934065934066,0.37441860465116283,0.3744444444444445,0.435,0.2636363636363636,Sunny
0.5274725274725275,0.5441860465116278,0.7022222222222222,0.5750000000000001,0.2727272727272727,Cloudy
0.23901098901098905,0.38139534883720927,0.7644444444444444,0.317,0.2545454545454545,Sunny
0.6181318681318682,0.586046511627907,0.19777777777777783,0.755,0.4545454545454546,Cloudy
0.6071428571428572,0.5255813953488373,0.3855555555555556,0.231,0.509090909090909,Sunny
0.5082417582417583,0.4906976744186047,0.3844444444444445,0.878,0.17272727272727273,Cloudy
0.2307692307692308,0.36511627906976746,0.34666666666666673,0.013000000000000001,0.33636363636363636,Sunny
0.2692307692307693,0.427906976744186,0.7399999999999999,0.559,0.2272727272727273,Cloudy
0.5851648351648352,0.6744186046511628,0.5122222222222222,0.569,0.41818181818181815,Cloudy
0.631868131868132,0.627906976744186,0.49666666666666676,0.251,0.34545454545454546,Sunny
0.4395604395604396,0.35348837209302325,0.10999999999999997,0.556,0.33636363636363636,Cloudy
0.6181318681318682,0.5534883720930233,0.6966666666666667,0.77,0.29090909090909095,Rainy
0.576923076923077,0.6744186046511628,0.28,0.0,0.7090909090909091,Sunny
0.1785714285714286,0.22325581395348837,0.5688888888888889,0.5760000000000001,0.009090909090909092,Cloudy
0.7445054945054945,0.6348837209302325,0.6166666666666667,0.0,0.5636363636363637,Sunny
0.34890109890109894,0.41162790697674423,0.8577777777777778,0.209,0.3181818181818182,Sunny
0.4038461538461539,0.6418604651162791,0.2644444444444444,0.8570000000000001,0.18181818181818182,Cloudy
0.31318681318681324,0.3930232558139535,0.0,0.305,0.49090909090909096,Sunny
0.9505494505494506,0.2,0.5966666666666667,0.157,0.02727272727272727,Cold
0.060439560439560454,0.23255813953488375,0.9555555555555555,0.401,0.0,Cold
0.5714285714285715,0.5441860465116278,0.831111111111111,0.9670000000000001,0.15454545454545454,Rainy
0.46428571428571436,0.5837209302325582,0.6022222222222222,0.0,0.7000000000000001,Sunny
0.19780219780219782,0.3674418604651163,0.4466666666666667,0.187,0.3,Sunny
0.6895604395604397,0.6534883720930232,0.7344444444444443,0.8240000000000001,0.24545454545454548,Rainy
0.06318681318681318,0.2255813953488372,0.3388888888888889,0.914,0.009090909090909092,Cloudy
0.5879120879120879,0.5232558139534884,0.6611111111111111,0.424,0.43636363636363634,Sunny
0.598901098901099,0.30930232558139537,0.6677777777777777,0.14,0.3090909090909091,Sunny
0.2774725274725275,0.413953488372093,0.7911111111111111,0.9740000000000001,0.12727272727272726,Rainy
0.39560439560439564,0.5441860465116278,1.0,0.8490000000000001,0.4545454545454546,Rainy
0.5192307692307693,0.37441860465116283,0.6422222222222221,0.62,0.34545454545454546,Cloudy
0.36813186813186816,0.4627906976744186,0.44222222222222224,0.247,0.3090909090909091,Sunny
0.6950549450549451,0.7232558139534884,0.5499999999999999,0.438,0.7090909090909091,Hot
0.5494505494505495,0.427906976744186,0.16222222222222227,0.41000000000000003,0.3181818181818182,Sunny
0.6428571428571429,0.6906976744186047,0.40111111111111114,0.533,0.5454545454545454,Sunny
0.3571428571428572,0.32558139534883723,0.4644444444444445,0.813,0.0,Cloudy
0.4285714285714286,0.6325581395348838,0.43888888888888894,0.67,0.3727272727272727,Cloudy
0.6675824175824177,0.8023255813953488,0.5888888888888889,0.18100000000000002,0.6636363636363637,Hot
0.016483516483516484,0.07441860465116278,0.37333333333333335,0.794,0.0,Cloudy
0.4120879120879121,0.38604651162790704,0.8044444444444445,0.528,0.29090909090909095,Sunny
0.7005494505494506,0.6418604651162791,0.5555555555555556,0.622,0.2272727272727273,Cloudy
0.5851648351648352,0.4976744186046511,0.5533333333333332,0.8170000000000001,0.2,Cloudy
0.6593406593406594,0.6046511627906976,0.4822222222222223,0.172,0.6454545454545454,Sunny
0.49725274725274726,0.4232558139534883,0.59,0.441,0.24545454545454548,Sunny
0.5412087912087913,0.5511627906976744,0.7388888888888888,0.317,0.5,Sunny
0.5604395604395604,0.5069767441860465,0.3633333333333334,0.057999999999999996,0.5181818181818182,Sunny
0.565934065934066,0.7511627906976743,0.4088888888888889,0.537,0.5909090909090909,Sunny
0.07967032967032968,0.5813953488372093,0.4877777777777778,1.0,0.19090909090909092,Cold
0.5384615384615385,0.5976744186046512,0.2566666666666667,0.0,0.49090909090909096,Sunny
0.29120879120879123,0.45813953488372094,0.37333333333333335,0.44200000000000006,0.2,Sunny
0.3543956043956044,0.44418604651162796,0.45,0.61,0.29090909090909095,Cloudy
0.4285714285714286,0.4534883720930233,0.75,0.48100000000000004,0.28181818181818186,Sunny
0.3653846153846154,0.6093023255813953,0.6144444444444443,0.42200000000000004,0.4454545454545455,Sunny
0.7142857142857143,0.45581395348837217,0.5988888888888888,0.125,0.3727272727272727,Sunny
0.7857142857142858,0.5883720930232559,0.7444444444444445,0.508,0.3727272727272727,Sunny
0.5357142857142858,0.9209302325581397,0.5255555555555556,0.261,0.9181818181818182,Hot
0.5494505494505495,0.6976744186046512,0.6422222222222221,0.0,0.6636363636363637,Sunny
0.4395604395604396,0.4744186046511628,0.5322222222222222,0.7490000000000001,0.08181818181818182,Cloudy
0.47802197802197804,0.758139534883721,0.6144444444444443,0.6900000000000001,0.5727272727272728,Cloudy
0.3818681318681319,0.45813953488372094,0.4255555555555555,0.46299999999999997,0.2727272727272727,Sunny
0.11263736263736264,0.15581395348837207,0.013333333333333322,0.507,0.0,Cold
0.34065934065934067,0.3465116279069767,0.5255555555555556,0.7190000000000001,0.2272727272727273,Cloudy
0.9917582417582419,0.18604651162790697,0.8722222222222222,0.506,0.0,Cold
0.6208791208791209,0.46976744186046515,0.7611111111111111,0.6759999999999999,0.2545454545454545,Cloudy
0.6538461538461539,0.5372093023255814,0.7699999999999999,0.376,0.29090909090909095,Sunny
0.5054945054945056,0.8465116279069768,0.8300000000000001,0.778,0.5454545454545454,Rainy
0.5164835164835165,0.5953488372093023,0.5755555555555555,0.53,0.4545454545454546,Sunny
0.6648351648351649,0.49302325581395345,0.5988888888888888,0.499,0.17272727272727273,Sunny
0.5384615384615385,0.6883720930232559,0.41777777777777786,0.132,0.6545454545454545,Sunny
0.032967032967032975,0.12325581395348838,0.4855555555555556,0.522,0.0,Cold
0.5824175824175825,0.5790697674418605,0.6922222222222222,0.242,0.49090909090909096,Sunny
0.598901098901099,0.6790697674418605,0.8233333333333333,0.29,0.6636363636363637,Sunny
0.9532967032967034,0.26046511627906976,0.5244444444444445,0.24600000000000002,0.2,Cold
0.631868131868132,0.7488372093023257,0.45555555555555555,0.18300000000000002,0.8181818181818182,Hot
0.4945054945054946,0.5976744186046512,0.5555555555555556,0.981,0.15454545454545454,Cloudy
0.46428571428571436,0.45813953488372094,0.6888888888888889,0.783,0.18181818181818182,Rainy
0.6785714285714286,0.6534883720930232,0.23444444444444446,0.93,0.32727272727272727,Cloudy
0.4917582417582418,0.958139534883721,0.04555555555555556,0.14400000000000002,0.8090909090909092,Hot
0.5274725274725275,0.5697674418604651,0.4333333333333334,0.46799999999999997,0.49090909090909096,Sunny
0.5906593406593407,0.5813953488372093,0.2844444444444445,0.127,0.7454545454545454,Sunny
0.3296703296703297,0.4488372093023256,0.44222222222222224,0.276,0.34545454545454546,Sunny
0.5027472527472528,0.3767441860465116,0.5222222222222221,0.22,0.34545454545454546,Sunny
0.6401098901098902,0.6883720930232559,0.4544444444444445,0.76,0.41818181818181815,Cloudy
0.42582417582417587,0.3767441860465116,0.8777777777777778,0.35100000000000003,0.18181818181818182,Sunny
0.38461538461538464,0.5488372093023256,0.6277777777777778,0.7170000000000001,0.1181818181818182,Cloudy
0.20329670329670332,0.44651162790697674,0.6222222222222222,0.601,0.16363636363636364,Cloudy
0.5192307692307693,0.6232558139534884,0.6933333333333334,1.0,0.13636363636363635,Rainy
0.5467032967032968,0.5976744186046512,0.3022222222222223,0.08,0.7272727272727273,Sunny
0.5879120879120879,0.727906976744186,0.7866666666666666,0.765,0.43636363636363634,Rainy
0.5824175824175825,0.4395348837209302,0.5388888888888889,0.737,0.13636363636363635,Cloudy
0.5082417582417583,0.48372093023255813,0.7044444444444445,0.207,0.49090909090909096,Sunny
0.2142857142857143,0.35348837209302325,0.3177777777777778,0.7020000000000001,0.0,Cloudy
0.30219780219780223,0.4511627906976744,0.21000000000000002,0.534,0.19090909090909092,Sunny
0.5741758241758242,0.6046511627906976,0.7377777777777779,0.39299999999999996,0.4636363636363636,Sunny
0.060439560439560454,0.6767441860465117,0.6388888888888888,0.244,0.6818181818181819,Cold
0.21153846153846156,0.3627906976744186,0.35555555555555557,0.27,0.3090909090909091,Sunny
0.6703296703296704,0.6976744186046512,0.3622222222222223,0.9620000000000001,0.3727272727272727,Cloudy
0.5851648351648352,0.786046511627907,0.8055555555555556,0.45,0.6272727272727273,Hot
0.4505494505494506,0.6116279069767442,0.29111111111111115,0.6459999999999999,0.4090909090909091,Cloudy
0.5631868131868133,0.8837209302325582,0.9211111111111112,0.252,0.8090909090909092,Hot
0.4203296703296704,0.3906976744186047,0.35555555555555557,0.255,0.2,Sunny
0.565934065934066,0.3023255813953488,0.6977777777777777,0.72,0.045454545454545456,Rainy
0.15384615384615385,0.20465116279069773,0.4822222222222223,0.113,0.06363636363636363,Cold
0.5082417582417583,0.813953488372093,0.69,0.34600000000000003,0.7000000000000001,Cloudy
0.41483516483516486,0.6558139534883721,0.43444444444444447,0.459,0.4454545454545455,Sunny
0.17032967032967036,0.5255813953488373,0.5188888888888888,0.478,0.5818181818181819,Cold
0.4560439560439561,0.586046511627907,0.5644444444444444,0.405,0.43636363636363634,Sunny
0.18131868131868134,0.32558139534883723,0.33333333333333337,0.549,0.0,Sunny
0.7747252747252747,0.9906976744186047,0.72,0.623,0.7545454545454546,Cloudy
0.6758241758241759,0.5581395348837209,0.4411111111111112,0.634,0.3727272727272727,Cloudy
0.6675824175824177,0.555813953488372,0.5044444444444444,0.204,0.6363636363636364,Sunny
0.5851648351648352,0.6697674418604651,0.3344444444444445,0.379,0.4818181818181818,Sunny
0.5274725274725275,0.6232558139534884,0.0,0.7490000000000001,0.20909090909090908,Cloudy
0.5054945054945056,0.5767441860465117,0.5133333333333333,0.674,0.4090909090909091,Cloudy
0.39010989010989017,0.3883720930232558,1.0,0.107,0.2272727272727273,Sunny
0.49725274725274726,0.6232558139534884,0.73,0.538,0.39090909090909093,Sunny
0.5906593406593407,0.886046511627907,0.5511111111111111,0.0,0.8636363636363636,Hot
0.6071428571428572,0.786046511627907,0.49666666666666676,0.462,0.6090909090909091,Hot
0.46978021978021983,0.830232558139535,0.5599999999999999,0.924,0.5545454545454546,Cloudy
0.48076923076923084,0.4395348837209302,0.6766666666666667,0.21300000000000002,0.3,Sunny
0.13461538461538464,0.3511627906976745,0.29333333333333333,0.24100000000000002,0.2363636363636364,Sunny
0.07967032967032968,0.5116279069767442,0.8033333333333332,0.6409999999999999,0.2727272727272727,Cloudy
0.5796703296703297,0.5441860465116278,0.7144444444444444,0.064,0.5363636363636364,Sunny
0.5796703296703297,0.7395348837209301,0.7155555555555556,0.292,0.6454545454545454,Hot
0.4670329670329671,0.22093023255813954,0.6533333333333333,0.599,0.045454545454545456,Cloudy
0.6675824175824177,0.8186046511627908,0.5599999999999999,0.29100000000000004,0.7909090909090909,Hot
0.5384615384615385,0.5046511627906977,0.7055555555555555,0.391,0.4,Rainy
0.5494505494505495,0.45581395348837217,0.6866666666666666,0.636,0.2636363636363636,Hot
0.3296703296703297,0.3465116279069767,0.4766666666666666,0.555,0.0,Cloudy
0.09340659340659341,0.22790697674418608,0.42777777777777776,0.517,0.045454545454545456,Cold
0.5494505494505495,0.6883720930232559,0.5777777777777777,0.365,0.6,Sunny
0.5851648351648352,0.5488372093023256,0.8999999999999999,0.543,0.41818181818181815,Sunny
0.04395604395604396,0.29534883720930233,0.28,0.419,0.08181818181818182,Cold
0.1730769230769231,0.29302325581395355,0.22888888888888892,0.564,0.02727272727272727,Cloudy
0.6923076923076924,0.4720930232558139,0.5922222222222222,0.326,0.3,Sunny
0.5521978021978022,0.8465116279069768,0.5666666666666667,0.40399999999999997,0.7454545454545454,Hot
0.47252747252747257,0.4860465116279069,0.5944444444444444,0.203,0.509090909090909,Sunny
0.10989010989010989,0.2558139534883721,0.61,0.441,0.05454545454545454,Cold
0.5357142857142858,0.4883720930232558,0.5055555555555555,0.247,0.4818181818181818,Sunny
0.6703296703296704,0.48372093023255813,0.8866666666666666,0.171,0.43636363636363634,Sunny
0.2417582417582418,0.03255813953488372,0.2,0.515,0.0,Cold
0.38736263736263743,0.5255813953488373,0.3711111111111111,0.503,0.32727272727272727,Sunny
0.554945054945055,0.49302325581395345,0.5322222222222222,0.6459999999999999,0.32727272727272727,Rainy
0.5851648351648352,0.6651162790697674,0.19000000000000006,0.342,0.5727272727272728,Sunny
0.6181318681318682,0.8790697674418604,0.5166666666666666,0.552,0.8818181818181817,Cloudy
0.7280219780219781,0.7441860465116279,0.9244444444444444,0.588,0.4545454545454546,Cloudy
0.4450549450549451,0.48372093023255813,0.5599999999999999,0.561,0.32727272727272727,Cloudy
0.04670329670329671,0.32790697674418606,0.6066666666666666,0.244,0.19090909090909092,Cold
0.5137362637362638,1.0,0.27555555555555555,0.48700000000000004,0.7454545454545454,Hot
0.6758241758241759,0.5465116279069767,0.4188888888888889,0.541,0.34545454545454546,Sunny
0.2994505494505495,0.5372093023255814,0.47222222222222227,0.452,0.38181818181818183,Sunny
0.29120879120879123,0.530232558139535,0.4844444444444445,0.0,0.8,Sunny
0.4752747252747253,0.572093023255814,0.84,0.49,0.3727272727272727,Sunny
0.46153846153846156,0.5069767441860465,0.68,1.0,0.03636363636363637,Rainy
0.2692307692307693,0.427906976744186,0.3088888888888889,0.36,0.3181818181818182,Sunny
0.3818681318681319,0.43255813953488376,0.61,0.268,0.14545454545454548,Sunny
0.2307692307692308,0.5279069767441861,0.6666666666666666,0.543,0.3181818181818182,Sunny
0.5879120879120879,0.43488372093023253,0.8088888888888889,0.528,0.24545454545454548,Sunny
0.5686813186813188,0.4023255813953489,0.9066666666666665,0.748,0.2,Rainy
0.5329670329670331,0.555813953488372,0.33000000000000007,0.136,0.5909090909090909,Cloudy
0.47252747252747257,0.4883720930232558,0.37555555555555553,0.633,0.20909090909090908,Cloudy
0.7472527472527474,0.813953488372093,0.27555555555555555,0.598,0.5818181818181819,Cloudy
0.09615384615384616,0.04186046511627907,0.5033333333333333,0.414,0.0,Cold
0.5054945054945056,0.7372093023255815,0.6588888888888889,0.535,0.43636363636363634,Hot
0.7005494505494506,0.7674418604651163,0.7744444444444445,0.7070000000000001,0.5363636363636364,Rainy
0.39010989010989017,0.14883720930232558,0.5388888888888889,0.668,0.0,Cloudy
0.5329670329670331,0.4720930232558139,0.4844444444444445,0.16399999999999998,0.3727272727272727,Sunny
0.23351648351648355,0.4651162790697675,0.5888888888888889,0.655,0.13636363636363635,Cloudy
0.14285714285714288,0.27209302325581397,0.37,0.434,0.16363636363636364,Cold
0.2197802197802198,0.3906976744186047,1.0,0.46799999999999997,0.38181818181818183,Sunny
0.3653846153846154,0.32790697674418606,0.19777777777777783,0.46799999999999997,0.03636363636363637,Sunny
0.5631868131868133,0.8604651162790697,0.5966666666666667,0.41200000000000003,0.5454545454545454,Cloudy
0.48901098901098905,0.7093023255813954,1.0,0.748,0.4272727272727273,Rainy
0.45329670329670335,0.772093023255814,0.5566666666666666,0.429,0.6181818181818182,Hot
0.4862637362637363,0.6697674418604651,0.5133333333333333,0.17,0.6272727272727273,Sunny
0.16208791208791212,0.32558139534883723,0.4766666666666666,0.35200000000000004,0.15454545454545454,Sunny
0.5934065934065934,0.4372093023255814,0.5155555555555555,0.495,0.2363636363636364,Sunny
0.3928571428571429,0.6255813953488372,0.861111111111111,0.757,0.38181818181818183,Rainy
0.04395604395604396,0.3069767441860465,0.06444444444444446,0.601,0.18181818181818182,Cloudy
0.6456043956043956,0.6674418604651163,0.8966666666666667,0.237,0.4,Sunny
0.5879120879120879,0.4906976744186047,0.23888888888888893,1.0,0.09090909090909091,Cloudy
0.5714285714285715,0.4651162790697675,0.49666666666666676,0.516,0.3,Sunny
0.5412087912087913,0.6674418604651163,0.46,0.7690000000000001,0.3,Cloudy
0.5054945054945056,0.6186046511627907,0.6866666666666666,0.41200000000000003,0.6272727272727273,Sunny
0.5164835164835165,0.46744186046511627,0.2,0.583,0.2,Cloudy
0.6126373626373627,0.7511627906976743,0.6577777777777778,0.66,0.509090909090909,Cloudy
0.271978021978022,0.33488372093023255,1.0,0.755,0.10909090909090909,Rainy
0.5879120879120879,0.6488372093023256,0.2522222222222223,0.7140000000000001,0.33636363636363636,Cloudy
0.6620879120879122,0.644186046511628,0.5977777777777777,0.668,0.2363636363636364,Cloudy
0.42582417582417587,0.4767441860465116,0.4088888888888889,0.371,0.3,Sunny
0.5467032967032968,0.5953488372093023,0.65,0.307,0.5818181818181819,Sunny
0.36813186813186816,0.3023255813953488,0.5599999999999999,0.533,0.08181818181818182,Sunny
0.5796703296703297,0.7069767441860465,0.4133333333333334,0.6829999999999999,0.38181818181818183,Cloudy
0.5082417582417583,0.5,0.6644444444444444,0.394,0.43636363636363634,Sunny
0.30494505494505497,0.4372093023255814,0.9566666666666666,0.716,0.14545454545454548,Rainy
0.5467032967032968,0.7302325581395348,0.5133333333333333,0.813,0.39090909090909093,Cloudy
0.15659340659340662,0.4046511627906977,0.7155555555555556,0.22100000000000003,0.33636363636363636,Sunny
0.13736263736263737,0.27209302325581397,0.26777777777777784,0.24100000000000002,0.2545454545454545,Cold
0.12362637362637365,0.2441860465116279,0.3433333333333333,0.41500000000000004,0.3090909090909091,Cold
0.6950549450549451,0.6465116279069767,0.66,0.527,0.5272727272727272,Sunny
0.9670329670329672,0.2976744186046512,0.8855555555555555,0.319,0.29090909090909095,Cold
0.5027472527472528,0.8604651162790697,0.6344444444444444,0.788,0.5272727272727272,Cloudy
0.09890109890109891,0.14651162790697675,0.4855555555555556,0.556,0.0,Cloudy
0.5494505494505495,0.8511627906976744,0.5555555555555556,0.46,0.6909090909090909,Hot
0.43131868131868134,0.5744186046511628,0.2777777777777778,0.091,0.5545454545454546,Sunny
0.4175824175824176,0.5162790697674419,0.69,0.121,0.3727272727272727,Cloudy
0.14835164835164838,0.43255813953488376,0.7511111111111111,0.52,0.2272727272727273,Sunny
0.6950549450549451,0.6093023255813953,0.45555555555555555,0.0,0.6454545454545454,Sunny
0.4670329670329671,0.5279069767441861,0.4511111111111112,0.703,0.3090909090909091,Cloudy
0.4560439560439561,0.7395348837209301,0.6144444444444443,0.41000000000000003,0.6363636363636364,Hot
0.5247252747252747,0.555813953488372,0.45888888888888885,1.0,0.21818181818181817,Cloudy
0.5576923076923077,0.5627906976744186,0.5411111111111111,1.0,0.15454545454545454,Cloudy
0.5494505494505495,0.46744186046511627,1.0,0.405,0.2727272727272727,Sunny
0.43406593406593413,0.5232558139534884,0.5011111111111111,0.423,0.2636363636363636,Sunny
0.43131868131868134,0.5930232558139535,0.47555555555555556,0.6990000000000001,0.5,Cloudy
0.19230769230769235,0.21627906976744188,0.41111111111111115,0.876,0.0,Cloudy
0.21153846153846156,0.2837209302325581,0.7211111111111111,0.04,0.24545454545454548,Cold
0.7032967032967034,0.6720930232558139,0.5155555555555555,0.003,0.5909090909090909,Sunny
0.4835164835164836,0.5674418604651162,0.41111111111111115,0.294,0.7272727272727273,Sunny
0.20329670329670332,0.5,0.8488888888888889,0.596,0.18181818181818182,Cloudy
0.42582417582417587,0.5372093023255814,0.8711111111111112,0.574,0.29090909090909095,Cloudy
0.6538461538461539,0.6,0.4222222222222222,0.7170000000000001,0.3727272727272727,Cloudy
0.4093406593406594,0.43488372093023253,0.14111111111111113,0.15,0.43636363636363634,Sunny
0.271978021978022,0.3906976744186047,0.78,0.0,0.4818181818181818,Sunny
0.7142857142857143,0.572093023255814,0.4033333333333334,0.665,0.49090909090909096,Cloudy
0.3928571428571429,0.35348837209302325,0.731111111111111,0.24300000000000002,0.3090909090909091,Sunny
0.6346153846153847,0.6116279069767442,0.1177777777777778,0.0,0.5181818181818182,Sunny
0.23351648351648355,0.2186046511627907,0.7544444444444445,0.48600000000000004,0.018181818181818184,Cold
0.6703296703296704,0.7255813953488373,0.2866666666666667,0.648,0.5181818181818182,Cloudy
0.5302197802197802,0.6232558139534884,0.7177777777777777,0.419,0.6545454545454545,Sunny
0.4587912087912088,0.5813953488372093,0.5588888888888889,0.336,0.33636363636363636,Sunny
0.6373626373626374,0.7186046511627907,0.3433333333333333,0.41000000000000003,0.6818181818181819,Sunny
0.4945054945054946,0.8441860465116279,0.46555555555555556,0.35700000000000004,0.7272727272727273,Hot
0.5329670329670331,0.7232558139534884,0.7077777777777778,0.113,0.7545454545454546,Hot
0.9780219780219781,0.19302325581395352,0.5788888888888889,0.271,0.08181818181818182,Cold
0.29120879120879123,0.2976744186046512,0.6855555555555556,0.58,0.009090909090909092,Cloudy
0.16208791208791212,0.41860465116279066,0.9944444444444445,0.53,0.29090909090909095,Sunny
0.34340659340659346,0.5395348837209302,0.20777777777777778,0.49200000000000005,0.41818181818181815,Sunny
0.5879120879120879,0.6302325581395349,0.9144444444444444,0.201,0.6454545454545454,Sunny
0.008241758241758242,0.4,0.5788888888888889,0.405,0.2545454545454545,Sunny
0.5164835164835165,0.5697674418604651,0.35555555555555557,0.0,0.5181818181818182,Sunny
0.26373626373626374,0.39534883720930236,0.26,0.495,0.07272727272727274,Sunny
0.5192307692307693,0.42093023255813955,0.5133333333333333,0.807,0.2,Cloudy
0.9862637362637363,0.27209302325581397,0.76,0.081,0.28181818181818186,Cold
0.37912087912087916,0.3627906976744186,0.5266666666666666,0.304,0.16363636363636364,Sunny
0.9532967032967034,0.2837209302325581,0.8911111111111112,0.532,0.045454545454545456,Cold
0.09340659340659341,0.35348837209302325,0.23333333333333334,0.763,0.03636363636363637,Cloudy
0.5521978021978022,0.7302325581395348,0.5533333333333332,0.33799999999999997,0.4727272727272728,Hot
0.10989010989010989,0.3581395348837209,0.2777777777777778,0.277,0.18181818181818182,Sunny
0.5137362637362638,1.0,0.6366666666666666,0.0,0.9,Hot
0.45329670329670335,0.6255813953488372,0.7522222222222222,0.47600000000000003,0.41818181818181815,Sunny
0.4752747252747253,0.5697674418604651,0.46222222222222226,0.961,0.15454545454545454,Cloudy
0.25000000000000006,0.37441860465116283,0.0,0.519,0.03636363636363637,Sunny
0.771978021978022,0.6651162790697674,0.6,0.444,0.6909090909090909,Sunny
0.33791208791208793,0.427906976744186,0.6522222222222223,0.531,0.34545454545454546,Sunny
0.46153846153846156,0.5581395348837209,0.6455555555555554,0.44700000000000006,0.32727272727272727,Sunny
0.6181318681318682,1.0,0.8300000000000001,0.247,0.9363636363636365,Hot
0.5467032967032968,0.5162790697674419,0.3177777777777778,0.6559999999999999,0.3181818181818182,Cloudy
0.44230769230769235,0.7488372093023257,0.7066666666666666,0.506,0.6727272727272727,Hot
0.3626373626373627,0.4046511627906977,0.8211111111111111,0.454,0.16363636363636364,Sunny
0.3461538461538462,0.5279069767441861,0.15999999999999998,0.20600000000000002,0.5545454545454546,Sunny
0.5027472527472528,0.8651162790697675,0.6266666666666667,0.7759999999999999,0.5363636363636364,Cloudy
0.6785714285714286,0.41860465116279066,0.4433333333333333,0.616,0.07272727272727274,Cloudy
0.03571428571428572,0.872093023255814,0.5377777777777777,0.312,0.8272727272727273,Cold
0.6098901098901099,0.6674418604651163,0.6333333333333333,0.7000000000000001,0.5272727272727272,Cloudy
0.4560439560439561,0.43023255813953487,0.4477777777777778,0.326,0.5454545454545454,Rainy
0.5027472527472528,0.6534883720930232,0.4055555555555556,0.254,0.4545454545454546,Sunny
0.6071428571428572,0.7162790697674418,0.5633333333333334,0.26,0.6818181818181819,Sunny
0.6126373626373627,0.6511627906976745,0.3144444444444444,0.006999999999999999,0.6090909090909091,Sunny
0.12362637362637365,0.24186046511627907,0.3144444444444444,0.568,0.10909090909090909,Cloudy
0.6181318681318682,0.4,0.7066666666666666,0.0,0.2636363636363636,Sunny
0.5796703296703297,0.4883720930232558,0.30000000000000004,0.14300000000000002,0.3181818181818182,Sunny
0.46153846153846156,0.5209302325581395,0.7033333333333333,0.0,0.4545454545454546,Sunny
0.42307692307692313,0.6511627906976745,0.6588888888888889,0.428,0.5,Sunny
0.5906593406593407,0.5674418604651162,0.17222222222222222,0.41200000000000003,0.36363636363636365,Sunny
0.04395604395604396,0.286046511627907,0.40444444444444444,0.368,0.20909090909090908,Cold
0.6510989010989011,0.6046511627906976,0.8211111111111111,0.189,0.6272727272727273,Sunny
0.47252747252747257,0.6488372093023256,0.3377777777777778,0.157,0.6454545454545454,Sunny
0.5357142857142858,0.6395348837209303,0.45222222222222225,0.5660000000000001,0.5818181818181819,Cloudy
0.4862637362637363,0.7348837209302326,0.6577777777777778,0.312,0.6636363636363637,Rainy
0.4478021978021978,0.6906976744186047,0.73,0.529,0.39090909090909093,Sunny
0.49725274725274726,0.6209302325581395,0.5,0.22899999999999998,0.6636363636363637,Sunny
0.26373626373626374,0.5209302325581395,0.4222222222222222,0.495,0.28181818181818186,Sunny
0.041208791208791215,0.2255813953488372,0.8711111111111112,0.7759999999999999,0.02727272727272727,Sunny
0.521978021978022,0.613953488372093,0.9422222222222221,0.5970000000000001,0.5363636363636364,Rainy
0.6043956043956045,0.5744186046511628,0.7733333333333332,0.34700000000000003,0.49090909090909096,Sunny
0.3076923076923077,0.586046511627907,0.5744444444444444,0.514,0.2636363636363636,Sunny
0.15109890109890112,0.2976744186046512,0.37555555555555553,0.39,0.07272727272727274,Cold
0.39010989010989017,0.33488372093023255,0.3711111111111111,0.452,0.29090909090909095,Sunny
0.5027472527472528,0.7302325581395348,0.6722222222222222,0.369,0.5818181818181819,Hot
0.5521978021978022,0.5279069767441861,0.648888888888889,0.409,0.39090909090909093,Sunny
0.3708791208791209,0.6627906976744186,0.8666666666666667,0.503,0.5454545454545454,Sunny
0.576923076923077,0.5395348837209302,0.7,0.20199999999999999,0.5272727272727272,Sunny
0.6098901098901099,0.5395348837209302,0.2211111111111111,0.196,0.49090909090909096,Sunny
0.6401098901098902,0.7093023255813954,0.7888888888888889,0.10300000000000001,0.6545454545454545,Sunny
0.37912087912087916,0.4395348837209302,0.33333333333333337,0.05,0.39090909090909093,Sunny
0.5906593406593407,0.5534883720930233,0.47000000000000003,0.146,0.5818181818181819,Sunny
0.326923076923077,0.4488372093023256,0.611111111111111,0.49,0.3181818181818182,Sunny
0.3928571428571429,0.4534883720930233,0.9988888888888889,0.227,0.34545454545454546,Sunny
0.5,0.4767441860465116,1.0,0.578,0.36363636363636365,Cloudy
0.43131868131868134,0.5767441860465117,0.69,0.459,0.4,Sunny
0.6758241758241759,0.44651162790697674,0.5144444444444444,0.0,0.3727272727272727,Sunny
0.6346153846153847,0.7674418604651163,0.6744444444444444,0.614,0.4727272727272728,Cloudy
0.3076923076923077,0.3674418604651163,0.7533333333333333,0.653,0.045454545454545456,Cloudy
0.5961538461538463,0.5,0.4844444444444445,0.20199999999999999,0.4,Sunny
0.34340659340659346,0.4534883720930233,0.9544444444444444,0.555,0.36363636363636365,Cloudy
0.43131868131868134,0.8046511627906977,0.6066666666666666,0.23600000000000002,0.6454545454545454,Hot
0.598901098901099,0.572093023255814,0.6666666666666666,0.474,0.41818181818181815,Sunny
0.7252747252747254,0.727906976744186,0.7033333333333333,0.134,0.6181818181818182,Hot
0.9340659340659342,0.258139534883721,0.648888888888889,0.002,0.2363636363636364,Cold
0.6401098901098902,0.5837209302325582,0.7422222222222222,0.354,0.3181818181818182,Sunny
0.5,0.7000000000000001,0.4188888888888889,0.419,0.5272727272727272,Sunny
0.5027472527472528,0.5511627906976744,0.43111111111111106,0.35100000000000003,0.4090909090909091,Sunny
0.521978021978022,0.7325581395348837,0.3111111111111111,0.154,0.7272727272727273,Hot
0.4203296703296704,0.4395348837209302,0.6533333333333333,0.35000000000000003,0.33636363636363636,Sunny
0.5329670329670331,0.797674418604651,0.7288888888888888,0.517,0.5,Hot
0.6236263736263736,0.9627906976744185,0.6577777777777778,0.439,0.9,Hot
0.23351648351648355,0.46744186046511627,0.9277777777777778,0.49600000000000005,0.3090909090909091,Sunny
0.29670329670329676,0.4511627906976744,0.5544444444444444,0.282,0.36363636363636365,Sunny
0.5631868131868133,0.8046511627906977,0.7044444444444445,0.743,0.5363636363636364,Rainy
0.5604395604395604,0.8279069767441861,0.3133333333333334,0.156,0.7272727272727273,Hot
0.543956043956044,0.4372093023255814,0.47000000000000003,0.5720000000000001,0.24545454545454548,Cloudy
0.48076923076923084,0.45581395348837217,0.7100000000000001,0.745,0.2272727272727273,Rainy
0.6456043956043956,0.48139534883720925,0.7444444444444445,0.5700000000000001,0.1181818181818182,Cloudy
0.49725274725274726,0.2837209302325581,0.49000000000000005,0.399,0.09090909090909091,Hot
0.2252747252747253,0.36511627906976746,0.54,0.318,0.2272727272727273,Sunny
0.32142857142857145,0.3488372093023256,0.2177777777777778,0.7090000000000001,0.1181818181818182,Cloudy
0.46153846153846156,0.3930232558139535,0.4766666666666666,0.094,0.4636363636363636,Sunny
0.41483516483516486,0.5279069767441861,0.7533333333333333,0.207,0.38181818181818183,Sunny
0.8021978021978022,0.5790697674418605,0.6833333333333333,0.35100000000000003,0.4090909090909091,Sunny
0.7857142857142858,0.8232558139534883,0.6666666666666666,0.7590000000000001,0.5,Cloudy
0.1785714285714286,0.3488372093023256,0.5666666666666667,0.545,0.08181818181818182,Sunny
0.6593406593406594,0.7186046511627907,0.5566666666666666,0.20800000000000002,0.6090909090909091,Sunny
0.47802197802197804,0.49534883720930234,0.4088888888888889,0.37200000000000005,0.4272727272727273,Sunny
0.46428571428571436,0.5255813953488373,0.7111111111111111,0.29600000000000004,0.3181818181818182,Sunny
0.4175824175824176,0.6604651162790698,0.648888888888889,0.273,0.6,Sunny
0.25824175824175827,0.32558139534883723,0.6644444444444444,0.6950000000000001,0.0,Cloudy
0.9423076923076924,0.6069767441860465,0.43888888888888894,0.107,0.5181818181818182,Cold
0.6153846153846154,0.5651162790697675,0.07666666666666665,0.8520000000000001,0.2272727272727273,Cloudy
0.565934065934066,0.6255813953488372,0.798888888888889,0.657,0.5363636363636364,Cloudy
0.4945054945054946,0.5883720930232559,0.44888888888888895,0.723,0.3,Cloudy
0.4835164835164836,0.9906976744186047,0.3633333333333334,0.334,0.6727272727272727,Hot
0.13461538461538464,0.4162790697674419,0.7100000000000001,0.413,0.08181818181818182,Sunny
0.5247252747252747,0.4372093023255814,0.46888888888888897,0.092,0.4090909090909091,Sunny
0.2774725274725275,0.41860465116279066,0.7911111111111111,0.319,0.35454545454545455,Sunny
0.3543956043956044,0.43255813953488376,0.6922222222222222,0.573,0.2545454545454545,Cloudy
0.34890109890109894,0.4162790697674419,0.7077777777777778,0.774,0.15454545454545454,Rainy
0.6923076923076924,0.7558139534883721,0.2522222222222223,0.17300000000000001,0.8,Hot
0.5824175824175825,0.7999999999999999,0.8244444444444444,0.359,0.6181818181818182,Hot
0.27472527472527475,0.427906976744186,0.6133333333333334,0.41200000000000003,0.36363636363636365,Sunny
0.35989010989010994,0.3790697674418605,0.47333333333333333,0.10099999999999999,0.19090909090909092,Sunny
0.39560439560439564,0.6232558139534884,0.5877777777777777,0.598,0.32727272727272727,Cloudy
0.5879120879120879,0.43255813953488376,0.16111111111111115,0.269,0.17272727272727273,Sunny
0.8214285714285715,0.6534883720930232,0.6466666666666667,0.401,0.4818181818181818,Sunny
0.7087912087912088,0.572093023255814,0.32666666666666666,0.337,0.4454545454545455,Sunny
0.9862637362637363,0.2534883720930233,0.2544444444444445,0.253,0.17272727272727273,Cold
0.7225274725274726,0.8232558139534883,0.2177777777777778,0.44799999999999995,0.6636363636363637,Hot
0.5192307692307693,0.8697674418604651,0.8033333333333332,0.396,0.6454545454545454,Hot
0.12362637362637365,0.42093023255813955,0.4155555555555555,0.35700000000000004,0.2727272727272727,Cold
0.6346153846153847,0.4627906976744186,0.8966666666666667,0.268,0.2272727272727273,Sunny
0.7994505494505495,0.5883720930232559,0.4366666666666667,0.53,0.5181818181818182,Sunny
0.40659340659340665,0.5976744186046512,0.1766666666666667,0.863,0.2545454545454545,Cloudy
0.5357142857142858,0.6581395348837209,0.3077777777777778,0.485,0.43636363636363634,Sunny
0.598901098901099,0.9093023255813955,0.8300000000000001,0.6990000000000001,0.8,Cloudy
0.7087912087912088,0.5023255813953489,0.5211111111111111,0.102,0.35454545454545455,Sunny
0.5934065934065934,0.38604651162790704,0.4333333333333334,0.489,0.10909090909090909,Sunny
0.15384615384615385,0.27906976744186046,0.5911111111111111,0.17600000000000002,0.1181818181818182,Cold
0.6538461538461539,0.4,0.6666666666666666,0.081,0.36363636363636365,Sunny
0.48076923076923084,0.5279069767441861,0.8033333333333332,0.265,0.4727272727272728,Sunny
0.6428571428571429,0.8697674418604651,0.8777777777777778,0.748,0.6636363636363637,Rainy
0.24725274725274726,0.4395348837209302,0.47555555555555556,0.688,0.4272727272727273,Cloudy
0.6373626373626374,0.5767441860465117,0.2611111111111111,0.511,0.19090909090909092,Sunny
0.48901098901098905,0.5325581395348837,0.46333333333333343,0.067,0.5636363636363637,Sunny
0.4560439560439561,0.7558139534883721,0.6133333333333334,0.401,0.5636363636363637,Hot
0.4010989010989011,1.0,0.34111111111111114,0.525,0.7545454545454546,Hot
0.25000000000000006,0.4372093023255814,0.3433333333333333,0.494,0.2,Sunny
0.39010989010989017,0.44418604651162796,0.6322222222222222,0.0,0.36363636363636365,Sunny
0.42307692307692313,0.7302325581395348,0.5444444444444444,0.227,0.8,Hot
0.7115384615384616,0.6627906976744186,0.5633333333333334,0.434,0.5818181818181819,Sunny
0.5494505494505495,0.8790697674418604,0.38666666666666666,0.584,0.6727272727272727,Cloudy
0.631868131868132,0.644186046511628,0.5044444444444444,0.0,0.7636363636363637,Sunny
0.5494505494505495,0.46744186046511627,0.35000000000000003,0.409,0.18181818181818182,Sunny
0.29670329670329676,0.644186046511628,0.7533333333333333,0.48600000000000004,0.34545454545454546,Sunny
0.5302197802197802,0.741860465116279,0.7855555555555556,0.662,0.3,Cloudy
0.5934065934065934,0.6883720930232559,0.1455555555555556,0.623,0.4,Cloudy
0.5082417582417583,0.6302325581395349,0.3488888888888889,0.596,0.4272727272727273,Cloudy
0.43681318681318687,0.7325581395348837,0.22333333333333338,0.25,0.6545454545454545,Hot
0.5329670329670331,0.7534883720930232,0.41111111111111115,0.0,0.7636363636363637,Hot
0.6483516483516484,0.7930232558139535,0.5366666666666666,0.35200000000000004,0.5363636363636364,Hot
0.6263736263736265,0.6558139534883721,0.23333333333333334,0.7000000000000001,0.4727272727272728,Cloudy
0.2994505494505495,0.5046511627906977,0.35111111111111115,0.798,0.2363636363636364,Cloudy
0.4835164835164836,0.5627906976744186,0.33222222222222225,0.628,0.4,Cloudy
0.6483516483516484,0.7604651162790699,0.601111111111111,0.557,0.38181818181818183,Cloudy
0.9258241758241759,0.38372093023255816,0.5711111111111111,0.545,0.21818181818181817,Sunny
0.47252747252747257,0.6023255813953489,0.3955555555555556,0.311,0.38181818181818183,Sunny
0.6620879120879122,0.4627906976744186,0.5944444444444444,0.41700000000000004,0.2727272727272727,Sunny
0.47802197802197804,0.5395348837209302,0.43444444444444447,0.867,0.2727272727272727,Cloudy
0.7252747252747254,0.772093023255814,0.4955555555555556,0.214,0.7000000000000001,Hot
0.5164835164835165,0.5697674418604651,0.9277777777777778,0.8540000000000001,0.18181818181818182,Rainy
0.6181318681318682,0.5441860465116278,0.8533333333333333,0.369,0.4090909090909091,Sunny
0.21153846153846156,0.28139534883720935,0.26666666666666666,0.7809999999999999,0.0,Cloudy
0.3928571428571429,0.6744186046511628,0.7399999999999999,0.098,0.7454545454545454,Sunny
0.6456043956043956,0.6558139534883721,0.7355555555555555,0.596,0.41818181818181815,Cloudy
0.521978021978022,0.9372093023255814,0.30000000000000004,0.266,0.9454545454545455,Hot
0.5164835164835165,0.4767441860465116,0.7377777777777779,0.096,0.39090909090909093,Sunny
0.44230769230769235,0.5767441860465117,0.8977777777777778,0.505,0.34545454545454546,Sunny
0.5576923076923077,0.5813953488372093,0.3055555555555556,0.7020000000000001,0.2545454545454545,Cloudy
0.7170329670329672,0.8279069767441861,0.35111111111111115,0.239,0.8181818181818182,Hot
0.3653846153846154,0.5162790697674419,0.7822222222222223,0.075,0.4272727272727273,Sunny
0.521978021978022,0.586046511627907,0.6155555555555556,0.42700000000000005,0.49090909090909096,Sunny
0.2692307692307693,0.6488372093023256,0.6777777777777778,0.428,0.4545454545454546,Sunny
0.6675824175824177,0.5697674418604651,0.6311111111111111,0.5870000000000001,0.17272727272727273,Cloudy
0.37912087912087916,0.4511627906976744,0.6422222222222221,0.687,0.14545454545454548,Cloudy
0.4395604395604396,0.572093023255814,0.2611111111111111,0.435,0.3090909090909091,Sunny
0.5906593406593407,0.7348837209302326,0.7877777777777778,0.914,0.4090909090909091,Rainy
0.1785714285714286,0.34418604651162793,0.8155555555555556,0.506,0.05454545454545454,Sunny
0.5934065934065934,0.5604651162790698,0.5044444444444444,0.363,0.509090909090909,Sunny
0.29670329670329676,0.4046511627906977,0.5455555555555556,0.047,0.38181818181818183,Sunny
0.4917582417582418,0.758139534883721,0.21555555555555556,0.384,0.6,Hot
0.04395604395604396,0.25116279069767444,0.6699999999999999,0.36600000000000005,0.18181818181818182,Cold
0.30219780219780223,0.43023255813953487,0.6822222222222223,0.6900000000000001,0.2636363636363636,Cloudy
0.6181318681318682,0.6046511627906976,0.5422222222222222,0.5660000000000001,0.4,Cloudy
0.6593406593406594,0.8255813953488372,0.8055555555555556,0.155,0.7000000000000001,Hot
0.5247252747252747,0.5232558139534884,0.4811111111111111,0.493,0.18181818181818182,Sunny
0.26373626373626374,0.43255813953488376,0.6811111111111111,0.618,0.14545454545454548,Cloudy
0.6181318681318682,0.8837209302325582,0.32888888888888895,0.8320000000000001,0.5272727272727272,Cloudy
0.4560439560439561,0.2651162790697674,0.5499999999999999,0.672,0.02727272727272727,Cloudy
0.20604395604395606,0.12558139534883722,0.5166666666666666,0.64,0.0,Cloudy
0.5,0.6162790697674418,0.6055555555555555,0.465,0.509090909090909,Sunny
0.31318681318681324,0.4418604651162791,0.47333333333333333,0.547,0.19090909090909092,Sunny
0.2142857142857143,0.34418604651162793,0.5266666666666666,0.762,0.06363636363636363,Cloudy
0.42307692307692313,0.6674418604651163,0.7388888888888888,0.11699999999999999,0.7363636363636363,Sunny
0.6153846153846154,0.5813953488372093,0.45888888888888885,0.363,0.4818181818181818,Sunny
0.6565934065934067,0.43023255813953487,0.1988888888888889,0.257,0.32727272727272727,Sunny
0.12912087912087913,0.2976744186046512,0.9444444444444444,0.545,0.045454545454545456,Cold
0.565934065934066,0.6976744186046512,0.8622222222222221,0.758,0.36363636363636365,Sunny
0.5384615384615385,0.6558139534883721,0.26888888888888896,0.30100000000000005,0.4727272727272728,Sunny
0.3626373626373627,0.5162790697674419,0.7088888888888888,0.0,0.4636363636363636,Sunny
0.598901098901099,0.8790697674418604,0.4433333333333333,0.34700000000000003,0.8181818181818182,Hot
0.25824175824175827,0.33488372093023255,0.6144444444444443,0.6779999999999999,0.06363636363636363,Cloudy
0.34065934065934067,0.25116279069767444,0.6211111111111112,0.584,0.0,Cloudy
0.4010989010989011,0.40697674418604657,0.5033333333333333,0.557,0.36363636363636365,Cloudy
0.6098901098901099,0.5255813953488373,0.3811111111111111,0.38,0.41818181818181815,Hot
0.5274725274725275,0.5790697674418605,0.4022222222222223,0.13,0.4,Sunny
0.45329670329670335,0.4906976744186047,0.35222222222222227,0.579,0.2363636363636364,Cloudy
0.5302197802197802,0.6,0.3711111111111111,0.24100000000000002,0.5181818181818182,Rainy
0.1675824175824176,0.3023255813953488,0.5411111111111111,0.996,0.09090909090909091,Cloudy
0.6648351648351649,0.8046511627906977,0.3966666666666668,0.593,0.49090909090909096,Cloudy
0.6456043956043956,0.5186046511627908,0.7066666666666666,0.305,0.5,Sunny
0.5576923076923077,0.741860465116279,0.8855555555555555,0.297,0.7636363636363637,Hot
0.5082417582417583,0.5976744186046512,0.4266666666666667,0.42700000000000005,0.38181818181818183,Sunny
0.5329670329670331,0.6209302325581395,0.6088888888888888,0.39,0.4545454545454546,Sunny
0.5137362637362638,0.6418604651162791,0.6666666666666666,0.7290000000000001,0.28181818181818186,Cloudy
0.6868131868131869,0.6186046511627907,0.66,0.49700000000000005,0.41818181818181815,Sunny
0.4010989010989011,0.6534883720930232,0.5722222222222222,0.267,0.5545454545454546,Sunny
0.543956043956044,0.7813953488372093,0.7211111111111111,0.923,0.509090909090909,Rainy
0.565934065934066,0.572093023255814,0.6622222222222222,0.462,0.5,Sunny
0.6456043956043956,0.6674418604651163,0.28,0.642,0.36363636363636365,Cloudy
0.4395604395604396,0.5186046511627908,0.7488888888888889,0.298,0.2272727272727273,Sunny
0.5934065934065934,0.8023255813953488,0.7522222222222222,0.541,0.6,Hot
0.4093406593406594,0.40930232558139534,0.3855555555555556,0.528,0.24545454545454548,Sunny
0.6648351648351649,0.8697674418604651,0.5644444444444444,0.0,0.890909090909091,Hot
0.2994505494505495,0.5279069767441861,0.7077777777777778,0.9540000000000001,0.15454545454545454,Rainy
0.39560439560439564,0.26976744186046514,0.5088888888888888,0.773,0.0,Cloudy
0.5,0.5581395348837209,0.7944444444444444,0.35100000000000003,0.5727272727272728,Sunny
0.38736263736263743,0.40930232558139534,1.0,0.174,0.38181818181818183,Sunny
0.6565934065934067,0.6906976744186047,0.3811111111111111,0.537,0.4636363636363636,Sunny
0.4478021978021978,0.413953488372093,0.24888888888888888,0.47200000000000003,0.2,Sunny
0.11538461538461539,0.4511627906976744,0.6233333333333333,0.539,0.2363636363636364,Cold
0.027472527472527476,0.18372093023255814,0.7155555555555556,0.498,0.15454545454545454,Cold
0.20604395604395606,0.4511627906976744,0.5044444444444444,0.5770000000000001,0.2272727272727273,Cloudy
0.049450549450549455,0.08372093023255812,0.8788888888888888,0.812,0.0,Rainy
0.15934065934065936,0.23953488372093024,0.25777777777777783,0.5920000000000001,0.0,Cloudy
0.6208791208791209,0.6767441860465117,0.7100000000000001,0.188,0.7090909090909091,Sunny
0.5604395604395604,0.6813953488372092,0.42111111111111116,0.7909999999999999,0.5727272727272728,Cloudy
0.43406593406593413,0.613953488372093,0.9377777777777778,0.86,0.34545454545454546,Rainy
0.29395604395604397,0.35581395348837214,0.9988888888888889,1.0,0.0,Rainy
0.7005494505494506,0.5255813953488373,0.3855555555555556,0.16899999999999998,0.4636363636363636,Sunny
0.6785714285714286,0.5348837209302326,0.4333333333333334,0.511,0.13636363636363635,Sunny
0.5247252747252747,0.3186046511627907,0.7466666666666667,0.0,0.38181818181818183,Sunny
0.5412087912087913,0.813953488372093,0.47000000000000003,0.588,0.6090909090909091,Cloudy
0.5302197802197802,0.6976744186046512,0.5455555555555556,0.313,0.6272727272727273,Sunny
0.5192307692307693,0.49302325581395345,0.5611111111111111,0.9309999999999999,0.09090909090909091,Cloudy
0.5054945054945056,0.5395348837209302,0.1288888888888889,0.256,0.4090909090909091,Sunny
0.45329670329670335,0.5744186046511628,0.5522222222222223,0.027999999999999997,0.5272727272727272,Sunny
0.07967032967032968,0.15581395348837207,0.4022222222222223,0.332,0.12727272727272726,Cold
0.6758241758241759,0.4883720930232558,0.44555555555555565,0.0,0.4545454545454546,Sunny
0.3928571428571429,0.40697674418604657,0.8766666666666667,0.638,0.36363636363636365,Cloudy
0.39560439560439564,0.3488372093023256,0.27666666666666667,0.0,0.39090909090909093,Sunny
0.598901098901099,0.48372093023255813,0.7366666666666666,0.457,0.2,Sunny
0.5357142857142858,0.8697674418604651,0.49333333333333335,0.0,0.8545454545454546,Hot
0.3571428571428572,0.6534883720930232,0.49333333333333335,0.37,0.4636363636363636,Sunny
0.43131868131868134,0.427906976744186,0.731111111111111,0.861,0.0,Rainy
0.46428571428571436,0.6418604651162791,0.6311111111111111,0.54,0.5909090909090909,Sunny
0.543956043956044,0.7953488372093024,0.6822222222222223,0.23399999999999999,0.7727272727272727,Hot
0.6263736263736265,0.7069767441860465,0.7711111111111112,0.44200000000000006,0.5909090909090909,Sunny
0.4752747252747253,0.5465116279069767,0.4822222222222223,0.455,0.4,Sunny
0.5357142857142858,0.413953488372093,0.42,0.568,0.08181818181818182,Cloudy
0.32142857142857145,0.6651162790697674,0.3144444444444444,0.10800000000000001,0.5818181818181819,Sunny
0.7527472527472528,0.6069767441860465,0.37222222222222223,0.598,0.4636363636363636,Cloudy
0.598901098901099,0.702325581395349,1.0,0.0,0.6090909090909091,Sunny
0.4945054945054946,0.6534883720930232,0.8322222222222223,0.29300000000000004,0.3181818181818182,Sunny
0.5631868131868133,0.7302325581395348,0.2555555555555556,0.32799999999999996,0.5909090909090909,Hot
0.8516483516483517,0.43488372093023253,0.26222222222222225,0.608,0.2,Cloudy
0.5054945054945056,0.7790697674418605,0.6622222222222222,0.456,0.6272727272727273,Hot
0.5247252747252747,0.572093023255814,0.6766666666666667,0.099,0.6,Sunny
0.7307692307692308,0.9209302325581397,0.6777777777777778,0.204,0.9090909090909092,Hot
0.271978021978022,0.40697674418604657,0.4988888888888889,0.5,0.24545454545454548,Sunny
0.5357142857142858,0.8581395348837209,0.5277777777777778,0.43,0.8090909090909092,Hot
0.5961538461538463,0.572093023255814,0.6288888888888888,0.305,0.32727272727272727,Sunny
0.4917582417582418,0.413953488372093,0.5744444444444444,0.33,0.33636363636363636,Sunny
0.2142857142857143,0.44418604651162796,0.06222222222222222,0.624,0.2727272727272727,Cold
0.2994505494505495,0.4744186046511628,0.5044444444444444,0.321,0.24545454545454548,Sunny
0.6785714285714286,0.613953488372093,0.3666666666666667,0.428,0.3181818181818182,Sunny
0.5604395604395604,0.6325581395348838,0.5944444444444444,0.9920000000000001,0.2,Cloudy
0.36813186813186816,0.427906976744186,1.0,0.094,0.33636363636363636,Sunny
0.5192307692307693,0.530232558139535,0.6366666666666666,0.0,0.6,Sunny
0.5357142857142858,0.9325581395348836,0.4855555555555556,0.6459999999999999,0.6454545454545454,Cloudy
0.3708791208791209,0.8558139534883721,0.76,0.28,0.6727272727272727,Hot
0.565934065934066,0.6162790697674418,0.6633333333333333,0.37,0.4272727272727273,Sunny
0.3983516483516484,0.541860465116279,0.648888888888889,0.255,0.5545454545454546,Sunny
0.3818681318681319,0.5581395348837209,0.69,0.385,0.41818181818181815,Sunny
0.7335164835164836,0.6488372093023256,1.0,0.85,0.32727272727272727,Rainy
0.37912087912087916,0.34418604651162793,0.30444444444444446,0.6509999999999999,0.1,Cloudy
0.4203296703296704,0.4860465116279069,0.6611111111111111,0.6659999999999999,0.36363636363636365,Cloudy
0.041208791208791215,0.2255813953488372,0.35000000000000003,0.096,0.1181818181818182,Cold
0.6236263736263736,0.6093023255813953,0.6788888888888888,0.162,0.6727272727272727,Sunny
0.5247252747252747,0.6558139534883721,0.35111111111111115,0.0,0.6727272727272727,Sunny
0.41483516483516486,0.44418604651162796,0.46333333333333343,0.24800000000000003,0.33636363636363636,Sunny
0.08241758241758242,0.8279069767441861,0.49000000000000005,0.6890000000000001,0.8090909090909092,Cold
0.14010989010989014,0.3069767441860465,0.7722222222222223,0.579,0.0,Cloudy
0.09890109890109891,0.26279069767441865,0.76,0.395,0.09090909090909091,Cold
0.33241758241758246,0.5767441860465117,0.2788888888888889,0.444,0.3,Sunny
0.4505494505494506,0.7302325581395348,0.5677777777777778,0.278,0.7181818181818183,Hot
0.5576923076923077,0.8488372093023255,0.39777777777777773,0.501,0.8181818181818182,Hot
0.42307692307692313,0.4488372093023256,0.27555555555555555,0.6409999999999999,0.36363636363636365,Cloudy
0.4862637362637363,0.7348837209302326,0.5077777777777778,0.046,0.8272727272727273,Hot
0.15384615384615385,0.5279069767441861,0.48666666666666664,0.525,0.3181818181818182,Sunny
0.3516483516483517,0.5023255813953489,1.0,0.6829999999999999,0.21818181818181817,Cloudy
0.6126373626373627,0.7000000000000001,0.6522222222222223,0.34600000000000003,0.41818181818181815,Sunny
0.5302197802197802,0.6558139534883721,0.24888888888888888,0.625,0.6090909090909091,Cloudy
0.11538461538461539,0.24186046511627907,0.4300000000000001,1.0,0.0,Cloudy
0.7857142857142858,0.8093023255813953,0.7822222222222223,0.424,0.6090909090909091,Cloudy
0.6785714285714286,0.7906976744186046,1.0,0.5479999999999999,0.7090909090909091,Hot
