day_temp,humidity,cloud_cover,uv_index,day_type
32.0,75.6,0.0,5.9,Sunny
26.9,49.0,23.5,3.3,Sunny
33.2,43.6,34.7,4.2,Sunny
40.2,59.9,92.2,5.7,Cloudy
26.1,56.6,58.9,2.8,Cloudy
26.1,50.9,11.6,5.3,Sunny
40.6,73.9,57.2,7.5,Cloudy
34.1,79.1,6.3,7.5,Sunny
24.2,61.8,72.1,2.7,Cloudy
32.3,89.6,33.2,5.6,Sunny
24.3,37.2,42.7,2.0,Sunny
24.3,56.1,78.1,2.9,Cloudy
29.9,45.7,12.8,5.3,Sunny
12.7,22.7,10.1,0.6,Cold
14.2,58.3,30.4,1.0,Cold
23.5,57.6,71.0,1.0,Cloudy
19.9,90.3,7.0,3.1,Sunny
30.5,72.6,0.0,6.9,Sunny
20.7,39.5,33.7,3.0,Sunny
16.7,97.1,58.8,0.0,Cloudy
39.7,84.4,75.0,5.4,Rainy
26.2,71.6,33.4,5.2,Sunny
28.5,55.5,34.7,5.1,Sunny
16.6,40.8,73.8,2.1,Cloudy
23.6,52.6,0.0,5.9,Sunny
28.9,81.8,35.3,5.8,Sunny
18.8,97.7,49.8,0.2,Sunny
31.0,90.9,56.2,5.2,Cloudy
23.2,50.2,32.3,3.3,Sunny
25.7,37.6,45.9,2.9,Sunny
23.2,62.8,0.0,4.8,Sunny
42.8,24.6,28.5,9.5,Sunny
27.9,66.5,56.3,4.1,Cloudy
19.5,57.0,20.4,2.0,Sunny
34.6,50.7,46.5,6.5,Sunny
18.2,28.1,56.2,0.5,Cloudy
29.7,70.3,36.4,5.1,Sunny
12.3,49.3,49.3,0.0,Cold
17.4,36.6,20.9,2.1,Cold
29.6,10.0,39.8,5.5,Sunny
33.9,59.4,60.3,3.9,Cloudy
29.4,95.4,48.9,6.2,Sunny
27.1,93.2,30.3,2.6,Rainy
25.6,50.9,50.6,2.6,Sunny
16.2,48.0,62.9,0.7,Cloudy
22.2,69.4,0.0,5.0,Sunny
24.3,40.0,74.0,1.9,Cloudy
36.5,66.0,36.6,6.5,Hot
30.7,75.3,55.6,4.8,Cloudy
13.9,84.5,74.9,0.0,Rainy
30.6,58.0,10.7,7.5,Sunny
24.9,55.9,27.3,4.8,Cold
22.6,42.4,37.8,3.9,Sunny
32.9,43.5,25.4,5.2,Sunny
36.2,55.5,88.4,4.4,Cloudy
35.5,67.3,23.6,6.6,Cold
21.3,78.3,31.1,1.9,Sunny
25.5,43.9,50.1,3.6,Sunny
30.7,89.9,14.9,5.4,Sunny
35.8,54.6,35.1,7.1,Sunny
24.2,59.6,52.9,1.7,Sunny
26.5,45.1,36.7,5.8,Sunny
19.1,11.5,42.7,1.0,Sunny
18.4,77.7,31.8,2.4,Sunny
34.5,74.7,7.1,8.1,Sunny
38.8,54.4,53.0,6.0,Hot
27.4,61.3,88.9,3.0,Cloudy
36.0,70.3,45.5,4.9,Sunny
30.9,28.7,50.6,6.1,Sunny
22.8,49.4,62.3,2.1,Cloudy
30.9,75.9,13.3,5.5,Sunny
40.3,34.9,87.6,5.2,Cloudy
27.7,65.9,50.1,4.6,Sunny
40.5,32.9,85.8,5.1,Cloudy
7.0,69.3,26.7,0.0,Cold
34.6,59.3,90.5,3.7,Cloudy
28.7,27.7,64.4,2.3,Cloudy
25.6,83.3,58.8,4.7,Cloudy
28.7,45.3,50.9,3.5,Sunny
12.1,43.8,38.8,1.1,Cold
26.2,64.0,75.0,2.6,Cloudy
30.9,83.0,48.5,3.7,Sunny
39.8,39.7,0.0,8.9,Hot
23.9,61.2,17.1,4.9,Sunny
21.5,68.6,40.4,2.4,Sunny
24.0,73.9,52.7,3.9,Sunny
35.3,63.5,43.6,7.0,Sunny
30.6,52.7,75.5,4.4,Cloudy
23.8,43.4,0.0,4.3,Sunny
32.1,61.7,48.6,3.9,Sunny
28.8,38.6,0.0,5.5,Sunny
35.7,10.0,64.0,5.5,Cloudy
22.4,68.7,42.6,3.3,Sunny
25.4,78.1,55.5,0.8,Cloudy
24.9,12.7,23.4,4.1,Hot
16.3,39.8,77.0,0.0,Cloudy
30.4,72.4,71.0,3.4,Sunny
30.1,100.0,59.6,5.3,Hot
28.0,60.4,41.8,4.6,Sunny
26.1,45.4,59.5,4.3,Cloudy
16.7,56.3,27.3,1.7,Cold
24.6,87.5,66.4,3.3,Cloudy
25.3,47.1,86.2,3.4,Cloudy
21.6,44.0,71.8,2.7,Cloudy
26.7,50.3,26.8,3.4,Sunny
31.2,40.9,54.0,4.3,Sunny
43.1,62.5,12.7,8.9,Hot
29.4,92.5,59.3,4.4,Cloudy
30.1,66.5,56.3,4.9,Cloudy
27.4,55.0,0.0,4.9,Sunny
12.6,54.2,16.0,1.4,Cold
27.8,28.7,37.9,2.3,Sunny
28.5,77.7,37.5,6.0,Sunny
47.7,58.4,14.8,9.8,Hot
26.5,56.4,54.7,3.4,Sunny
30.4,100.0,51.3,4.1,Sunny
27.7,66.0,40.1,5.3,Sunny
18.7,45.0,26.1,0.0,Sunny
37.1,51.5,71.2,5.3,Cloudy
34.0,83.0,86.4,3.9,Rainy
34.3,62.3,32.9,5.7,Sunny
20.7,31.2,29.7,4.6,Sunny
39.2,78.4,57.3,5.6,Cloudy
16.8,46.6,36.0,2.4,Cold
32.7,97.5,41.5,5.8,Sunny
45.5,81.6,63.5,9.1,Cloudy
20.1,51.1,0.0,3.2,Sunny
23.5,85.6,78.0,0.9,Rainy
28.8,61.4,46.8,5.3,Sunny
24.0,77.1,34.7,3.9,Sunny
15.6,69.7,42.8,0.0,Cold
28.5,43.1,44.1,3.7,Sunny
19.5,47.1,1.7,4.0,Sunny
31.8,80.6,82.4,4.4,Cloudy
20.6,53.3,46.0,1.5,Sunny
40.4,51.9,56.1,3.9,Cloudy
21.7,40.9,68.8,2.0,Cloudy
25.4,68.5,19.5,3.2,Sunny
34.5,100.0,56.8,3.3,Cloudy
18.2,38.6,38.3,0.0,Sunny
29.8,60.5,66.2,4.5,Cloudy
38.5,88.2,0.0,8.7,Hot
15.1,58.4,42.5,0.7,Cold
29.5,69.0,29.9,6.5,Sunny
30.1,38.8,55.8,4.8,Cloudy
34.3,68.6,56.8,6.8,Cloudy
18.1,56.3,27.3,0.9,Sunny
17.4,79.7,27.2,2.0,Cold
32.2,83.7,42.2,3.7,Sunny
30.4,100.0,22.6,5.4,Sunny
30.0,71.6,66.0,3.5,Cloudy
30.8,66.5,35.8,5.8,Sunny
22.6,63.9,0.0,4.5,Sunny
29.9,52.9,35.6,5.6,Sunny
30.3,66.8,19.0,6.4,Sunny
22.3,54.1,4.2,6.4,Sunny
42.9,63.4,14.1,8.8,Hot
31.8,86.4,47.7,4.0,Sunny
18.5,39.9,78.2,0.6,Cloudy
33.3,82.8,52.8,4.3,Sunny
20.2,86.3,29.8,4.2,Rainy
34.3,57.6,56.4,5.0,Cloudy
37.3,17.6,33.5,6.4,Hot
21.4,47.8,27.6,2.6,Sunny
35.7,85.9,16.1,7.9,Sunny
31.3,59.5,1.2,6.5,Sunny
34.6,40.0,35.3,5.5,Sunny
43.2,49.9,49.0,9.5,Hot
26.0,76.8,42.6,2.8,Sunny
22.0,70.9,34.6,3.0,Sunny
20.9,55.2,21.4,3.9,Sunny
21.5,52.7,60.2,0.2,Cloudy
27.4,52.2,12.1,5.7,Sunny
30.7,41.6,64.4,2.9,Cloudy
30.2,92.3,19.9,6.5,Sunny
34.6,53.6,26.2,5.6,Sunny
28.1,84.3,8.3,6.3,Sunny
39.6,90.4,32.5,8.7,Hot
25.9,80.0,69.4,3.4,Cloudy
48.0,51.4,57.9,8.9,Cloudy
33.0,68.1,69.5,4.2,Cloudy
21.1,59.5,58.1,1.2,Cloudy
19.4,41.9,17.4,4.5,Sunny
31.9,66.5,36.7,4.7,Sunny
26.2,36.4,25.5,3.4,Sunny
33.7,83.8,78.3,4.9,Rainy
31.8,50.7,15.1,5.5,Sunny
27.4,64.0,67.3,2.1,Cloudy
21.2,65.7,67.3,0.0,Cloudy
15.9,54.8,90.7,0.0,Cloudy
24.4,71.7,34.8,3.5,Sunny
34.9,50.5,62.8,5.4,Cloudy
29.7,77.4,100.0,3.3,Rainy
18.0,33.1,29.6,2.7,Sunny
29.4,62.5,6.6,5.8,Sunny
31.1,98.8,0.0,6.5,Sunny
20.9,40.0,62.8,2.1,Cloudy
29.2,46.4,0.0,7.5,Sunny
28.5,70.3,35.7,4.7,Sunny
18.9,63.6,55.9,0.9,Cloudy
30.9,67.0,49.6,3.6,Sunny
32.5,69.8,55.6,3.4,Cloudy
36.7,72.7,50.6,6.8,Hot
36.4,82.2,77.0,5.5,Rainy
17.0,68.2,21.2,2.8,Cold
20.5,55.2,28.1,2.7,Sunny
32.1,73.5,25.7,7.3,Sunny
32.1,98.0,65.8,3.8,Cloudy
32.1,57.3,67.5,5.2,Cloudy
48.0,40.5,56.3,8.7,Cloudy
32.6,82.1,74.6,3.5,Rainy
37.1,57.6,15.5,8.2,Hot
35.6,16.5,86.7,4.8,Cloudy
33.2,76.9,83.1,4.2,Rainy
25.5,49.3,63.4,2.8,Cloudy
34.1,58.2,89.5,3.8,Cloudy
21.8,66.6,3.6,6.5,Sunny
26.1,63.8,31.9,5.3,Cold
24.1,74.2,26.6,4.5,Sunny
28.7,51.3,63.0,3.7,Cloudy
46.5,70.3,18.7,10.9,Hot
13.1,54.8,63.9,0.0,Cloudy
33.5,74.8,79.3,4.1,Rainy
15.1,72.3,62.4,0.0,Cloudy
24.2,41.3,52.1,2.7,Sunny
36.7,81.7,20.3,4.1,Hot
28.5,49.3,23.8,5.3,Sunny
19.4,76.2,76.2,0.1,Rainy
22.3,67.3,64.5,3.4,Cloudy
33.4,96.8,44.0,5.5,Sunny
22.2,55.5,34.6,1.8,Sunny
29.7,53.0,0.0,6.3,Sunny
28.4,59.6,18.2,4.2,Sunny
22.8,53.9,92.8,1.3,Cloudy
45.2,76.0,13.0,10.1,Hot
33.1,27.7,49.7,6.2,Sunny
11.8,38.9,70.2,0.0,Cloudy
29.5,38.6,13.6,5.8,Sunny
22.7,79.0,49.6,1.2,Sunny
34.8,94.2,68.4,5.6,Cloudy
21.7,57.9,45.3,3.0,Sunny
27.1,56.6,100.0,2.1,Cloudy
32.0,61.4,3.3,6.8,Sunny
34.9,83.2,71.5,5.2,Rainy
18.4,41.5,40.7,3.4,Sunny
25.3,64.8,64.3,2.3,Hot
24.2,79.5,56.0,2.8,Cloudy
22.8,70.0,26.7,2.4,Sunny
42.1,63.8,50.7,6.6,Hot
31.2,80.0,0.0,6.8,Sunny
17.9,10.0,60.1,2.0,Cloudy
35.3,73.6,52.5,5.4,Sunny
45.0,46.9,61.0,7.6,Cloudy
36.3,23.4,71.5,4.7,Cloudy
15.8,70.2,54.2,0.1,Cold
24.1,87.5,48.7,3.2,Sunny
38.1,57.3,23.0,6.1,Hot
22.3,79.1,27.2,4.6,Sunny
31.6,92.2,74.7,3.2,Hot
34.2,86.3,80.9,5.0,Rainy
20.6,92.8,39.0,1.2,Sunny
27.5,74.8,46.2,4.6,Sunny
5.0,61.5,22.4,0.0,Cold
19.8,28.0,74.3,1.2,Cloudy
26.0,55.1,61.6,1.9,Cloudy
18.0,43.1,93.5,0.0,Cloudy
41.1,100.0,23.0,7.1,Hot
16.6,56.5,35.5,1.3,Cold
24.5,62.5,50.8,4.0,Sunny
29.0,71.0,61.2,4.5,Cloudy
39.5,60.9,39.6,7.3,Hot
16.5,93.9,23.2,1.0,Cold
37.3,47.5,67.0,6.2,Cloudy
28.1,63.9,63.0,3.4,Cloudy
20.1,45.2,22.1,0.7,Sunny
31.7,33.6,78.9,4.5,Cloudy
29.6,47.8,74.3,3.3,Cloudy
23.2,59.3,48.4,3.9,Sunny
28.6,51.4,47.0,3.1,Sunny
24.9,46.2,58.9,0.0,Cloudy
28.9,31.9,23.5,5.5,Sunny
33.3,58.3,45.8,5.7,Sunny
40.7,29.9,0.0,7.4,Hot
18.1,75.2,66.9,0.0,Cloudy
45.1,61.6,6.0,11.0,Hot
12.4,30.8,82.6,0.0,Cloudy
26.8,53.8,36.7,4.8,Sunny
32.7,45.0,39.7,4.8,Sunny
30.2,66.4,29.3,3.2,Sunny
23.0,86.8,37.8,2.9,Sunny
26.3,22.5,80.5,2.0,Cloudy
24.1,62.3,0.0,4.5,Sunny
23.3,56.8,76.9,1.5,Cloudy
34.8,73.4,53.5,5.7,Sunny
30.9,64.3,14.8,5.9,Sunny
22.5,45.0,18.1,2.5,Sunny
35.2,53.6,86.9,4.7,Cloudy
30.5,44.1,21.4,3.7,Sunny
34.5,81.5,16.2,4.8,Sunny
33.0,60.4,73.4,5.0,Cloudy
21.4,98.0,53.5,2.6,Sunny
23.5,58.8,21.6,3.8,Sunny
34.0,45.8,50.4,4.0,Sunny
32.9,29.7,19.4,5.7,Sunny
27.8,23.9,72.5,2.7,Rainy
28.9,28.3,71.5,1.7,Cloudy
38.2,65.3,58.3,5.4,Cloudy
23.3,70.2,54.0,3.2,Sunny
32.4,28.4,89.0,4.9,Cloudy
26.4,77.9,45.0,3.3,Sunny
26.3,50.3,15.5,5.6,Sunny
36.8,62.9,56.2,4.0,Cloudy
34.6,92.2,97.2,4.3,Rainy
34.5,77.9,19.6,6.0,Sunny
38.4,54.6,36.0,7.4,Sunny
28.2,42.2,55.4,3.5,Cloudy
33.5,17.0,43.7,6.9,Sunny
25.5,45.6,20.4,3.6,Sunny
30.6,55.8,73.0,4.3,Cloudy
27.0,40.3,100.0,1.3,Cloudy
28.8,57.4,49.9,3.9,Sunny
32.8,61.5,22.4,6.0,Sunny
21.5,55.5,6.3,3.1,Sunny
44.7,47.0,51.4,8.1,Hot
20.0,63.4,72.6,0.9,Cloudy
18.3,68.8,56.9,1.4,Cloudy
37.3,38.2,44.9,6.6,Hot
34.3,88.2,30.3,7.1,Sunny
33.0,58.0,17.7,7.4,Sunny
33.0,60.4,65.9,3.5,Cloudy
27.9,74.2,67.8,4.0,Cloudy
20.8,64.7,6.4,2.6,Sunny
28.6,79.1,84.7,3.2,Rainy
22.6,65.7,59.4,2.7,Cloudy
35.8,47.8,80.0,2.8,Cloudy
26.8,67.2,11.4,5.2,Sunny
21.4,37.1,10.9,3.3,Sunny
25.4,62.2,41.3,2.8,Sunny
31.3,59.3,57.6,5.8,Cloudy
23.5,55.8,89.9,0.5,Hot
21.4,57.4,62.7,0.9,Cloudy
29.9,22.4,38.9,4.9,Sunny
30.0,49.0,19.3,6.3,Sunny
23.9,61.9,75.8,1.7,Cloudy
24.2,63.2,20.9,5.2,Cold
29.9,39.4,85.7,3.5,Cloudy
16.4,85.3,37.9,0.0,Cold
16.7,42.7,84.8,0.0,Cloudy
22.3,79.4,62.0,1.4,Cloudy
26.3,68.5,41.6,4.3,Sunny
30.5,47.1,32.0,2.6,Sunny
39.8,95.5,36.5,10.0,Cloudy
34.9,36.1,55.7,6.0,Cloudy
26.7,78.4,46.9,3.8,Sunny
27.8,80.0,30.2,5.8,Sunny
20.0,46.6,40.9,4.5,Sunny
27.9,87.8,47.0,4.8,Sunny
25.7,55.0,0.0,6.2,Sunny
30.6,65.8,56.5,4.4,Cloudy
21.4,65.2,20.5,3.2,Sunny
32.2,57.3,16.2,5.8,Sunny
40.3,76.2,2.8,8.1,Hot
27.1,75.9,0.2,5.0,Sunny
31.2,25.0,11.1,4.9,Sunny
33.5,86.1,27.3,6.1,Sunny
24.8,26.8,93.8,0.0,Cloudy
29.8,80.7,31.9,5.3,Sunny
28.1,82.5,49.4,3.9,Sunny
28.8,38.2,55.0,4.0,Sunny
21.8,51.8,48.3,1.8,Sunny
28.2,37.9,43.1,7.3,Sunny
32.0,55.7,15.1,7.7,Sunny
39.6,53.8,81.3,4.4,Cloudy
35.7,75.6,90.2,4.5,Rainy
45.2,86.2,2.9,9.6,Hot
21.9,87.9,19.4,2.5,Sunny
35.0,48.8,38.0,4.8,Sunny
29.5,55.8,20.9,5.9,Sunny
45.5,26.3,57.6,7.4,Cloudy
21.5,43.9,26.8,4.1,Sunny
21.3,79.3,99.1,1.2,Rainy
23.2,92.3,74.8,3.0,Rainy
11.0,35.3,50.3,0.0,Cold
23.8,48.2,70.7,2.5,Cloudy
21.9,59.5,72.6,2.1,Cloudy
29.2,65.6,30.9,4.5,Sunny
30.7,43.8,24.6,4.8,Sunny
43.0,68.5,47.0,9.5,Sunny
35.6,50.5,66.5,5.4,Cloudy
23.4,59.7,48.5,3.4,Sunny
20.8,70.9,5.6,3.0,Sunny
31.9,60.1,24.9,4.7,Sunny
17.4,51.3,43.2,0.9,Cold
42.7,57.8,43.1,7.8,Hot
37.4,58.2,94.3,3.5,Cloudy
24.2,52.6,10.4,4.5,Sunny
14.3,54.8,57.6,0.0,Cloudy
38.8,92.0,82.2,4.2,Rainy
27.1,71.2,100.0,2.3,Rainy
37.9,54.1,34.9,7.6,Hot
15.2,73.9,57.3,0.0,Cloudy
23.2,53.3,59.2,1.3,Cloudy
28.0,83.5,49.9,2.9,Sunny
28.4,67.4,42.5,3.9,Sunny
24.4,57.9,55.9,3.4,Cold
33.0,69.0,0.0,8.1,Sunny
19.5,28.6,62.1,0.7,Cloudy
26.9,37.5,48.2,2.5,Sunny
29.0,36.1,39.4,4.8,Sunny
32.1,62.9,96.2,2.3,Cloudy
33.7,94.7,28.1,5.7,Sunny
19.0,100.0,34.9,3.5,Sunny
15.7,72.8,94.8,0.0,Rainy
38.2,70.0,24.2,7.7,Hot
30.7,24.0,31.2,4.1,Sunny
22.0,49.1,41.3,2.9,Sunny
40.4,44.2,66.0,7.5,Cloudy
28.9,47.6,50.2,3.7,Sunny
37.4,56.6,12.7,9.1,Hot
28.5,50.6,31.7,6.0,Sunny
44.5,20.4,29.8,10.6,Hot
42.0,75.0,43.1,8.0,Hot
26.0,38.5,55.6,3.7,Cloudy
35.8,64.8,55.5,7.1,Cloudy
33.2,100.0,0.6,7.6,Hot
38.9,41.6,71.6,5.3,Cloudy
20.3,10.0,51.3,1.4,Sunny
33.5,54.3,79.6,4.3,Cloudy
36.5,82.0,56.1,4.5,Cloudy
13.9,99.2,72.5,0.0,Rainy
18.5,35.4,56.7,2.3,Cloudy
11.7,69.9,78.7,0.0,Cloudy
25.8,50.7,58.1,4.5,Cloudy
33.7,57.9,42.6,6.8,Sunny
40.0,100.0,100.0,4.5,Rainy
28.6,29.9,67.2,3.9,Cloudy
41.0,65.1,59.3,6.8,Cloudy
17.0,69.4,13.1,3.8,Cold
14.4,81.7,12.8,2.9,Cold
27.6,62.0,52.3,2.3,Sunny
31.1,66.2,48.6,5.3,Sunny
27.7,52.2,29.6,4.4,Rainy
11.5,65.4,48.5,0.0,Cold
27.3,53.1,84.7,1.6,Cloudy
17.6,72.4,62.4,2.5,Cloudy
33.4,52.6,16.5,7.6,Sunny
30.9,67.5,42.2,4.2,Sunny
20.5,59.4,24.9,1.6,Sunny
23.9,82.5,35.3,3.0,Sunny
19.5,59.0,34.7,2.8,Sunny
27.5,24.5,33.1,4.7,Sunny
35.6,85.2,13.6,8.5,Sunny
20.1,41.9,41.8,3.0,Sunny
32.0,46.9,31.0,6.6,Sunny
23.8,48.1,0.0,5.1,Sunny
21.7,87.5,96.3,0.0,Rainy
27.1,17.3,72.2,2.6,Cloudy
19.7,100.0,35.6,3.4,Sunny
23.6,81.1,45.5,2.9,Sunny
18.4,64.5,15.7,3.3,Sunny
43.7,58.9,87.4,6.1,Cloudy
28.3,65.7,92.4,1.2,Cloudy
22.4,70.4,48.9,2.4,Sunny
29.7,72.9,70.6,3.8,Rainy
27.1,71.1,49.4,3.0,Sunny
26.2,61.8,11.6,4.7,Sunny
32.9,56.1,34.7,4.8,Sunny
34.1,57.0,48.3,6.6,Sunny
23.8,56.1,33.6,3.2,Sunny
23.4,82.7,39.5,4.6,Sunny
25.8,71.9,42.7,5.1,Sunny
9.6,10.0,43.0,0.0,Cold
15.9,73.1,46.3,0.0,Cold
38.9,63.9,18.5,5.8,Hot
41.2,59.6,27.1,6.7,Hot
26.0,52.2,12.9,3.5,Sunny
32.6,82.5,69.4,5.7,Cloudy
30.5,79.0,0.0,6.6,Sunny
48.0,44.5,73.8,8.4,Cloudy
37.0,68.1,79.7,2.8,Cloudy
27.0,40.6,37.4,2.9,Sunny
20.4,32.4,0.0,4.8,Sunny
15.1,47.5,36.0,1.4,Cold
29.6,77.2,43.4,4.4,Sunny
21.9,79.1,19.7,4.1,Sunny
16.6,70.3,32.1,3.3,Cold
22.8,74.5,83.3,1.0,Rainy
19.3,70.3,61.6,1.3,Cloudy
41.5,47.2,21.9,8.7,Hot
35.1,68.6,5.1,9.9,Sunny
27.9,76.0,36.8,2.3,Sunny
39.8,75.1,39.7,8.0,Hot
28.6,83.8,57.4,3.6,Cloudy
21.1,74.2,31.6,3.4,Sunny
40.2,67.0,57.8,6.0,Cloudy
32.3,81.4,93.4,3.2,Rainy
19.7,59.5,65.4,1.9,Cloudy
26.5,42.4,43.8,6.9,Sunny
21.0,56.7,40.4,3.3,Sunny
16.9,45.1,36.1,0.8,Cold
35.4,46.5,74.5,4.4,Cloudy
43.3,57.1,29.3,8.2,Hot
16.8,44.2,46.1,0.0,Cloudy
32.5,53.8,46.3,4.9,Sunny
22.8,22.1,32.5,4.0,Sunny
24.1,64.3,10.7,3.2,Sunny
23.3,60.0,53.1,3.6,Sunny
21.1,43.7,43.5,2.9,Sunny
28.4,73.2,57.5,3.0,Cloudy
21.4,78.8,31.7,2.8,Sunny
30.2,27.8,75.5,5.0,Cloudy
27.6,44.7,23.1,5.6,Sunny
26.1,44.6,87.8,1.9,Cloudy
20.7,41.2,1.3,3.7,Sunny
23.4,76.6,55.9,2.5,Cloudy
34.0,56.1,56.9,4.6,Cloudy
32.0,54.7,25.1,3.8,Sunny
20.2,19.9,55.6,3.7,Cloudy
28.8,72.7,77.0,3.2,Rainy
34.0,35.2,0.0,7.8,Sunny
14.6,61.2,57.6,0.1,Cloudy
32.3,65.5,0.0,6.2,Sunny
22.7,87.2,20.9,3.5,Sunny
32.6,33.8,85.7,2.0,Cloudy
21.9,10.0,30.5,5.4,Sunny
13.6,63.7,15.7,0.3,Cold
15.0,96.0,40.1,0.0,Cold
28.4,84.8,96.7,1.7,Rainy
30.1,64.2,0.0,7.7,Sunny
20.8,50.2,18.7,3.3,Sunny
33.1,76.1,82.4,2.7,Rainy
14.7,40.5,91.4,0.1,Cloudy
27.5,69.5,42.4,4.8,Sunny
18.3,70.1,14.0,3.4,Sunny
22.8,81.2,97.4,1.4,Rainy
28.4,100.0,84.9,5.0,Rainy
21.1,67.8,62.0,3.8,Cloudy
24.9,49.8,24.7,3.4,Sunny
36.1,59.5,43.8,7.8,Hot
23.4,24.6,41.0,3.5,Sunny
34.7,46.1,53.3,6.0,Sunny
19.0,51.8,81.3,0.0,Cloudy
32.2,49.5,67.0,4.1,Cloudy
39.5,63.0,18.1,7.3,Hot
8.2,43.6,79.4,0.0,Cloudy
21.6,82.4,52.8,3.2,Sunny
32.6,60.0,62.2,2.5,Cloudy
26.4,59.8,81.7,2.2,Cloudy
31.0,53.4,17.2,7.1,Sunny
23.2,63.1,44.1,2.7,Sunny
28.7,76.5,31.7,5.5,Sunny
26.8,42.7,5.8,5.7,Sunny
37.3,46.8,53.7,6.5,Sunny
30.0,53.9,100.0,2.1,Cold
30.7,33.1,0.0,5.4,Sunny
24.7,43.6,44.2,2.2,Sunny
24.1,50.5,61.0,3.2,Cloudy
24.5,77.5,48.1,3.1,Sunny
31.2,65.3,42.2,4.9,Sunny
24.6,63.9,12.5,4.1,Sunny
30.3,77.0,50.8,4.1,Sunny
44.6,57.3,26.1,10.1,Hot
35.0,67.8,0.0,7.3,Sunny
25.4,57.9,74.9,0.9,Cloudy
37.6,65.3,69.0,6.3,Cloudy
24.7,48.3,46.3,3.0,Sunny
11.7,11.2,50.7,0.0,Cold
19.9,57.3,71.9,2.5,Cloudy
13.0,88.5,50.6,0.0,Cold
25.2,78.5,67.6,2.8,Cloudy
28.1,79.3,37.6,3.2,Sunny
41.4,84.7,77.8,6.0,Rainy
30.6,61.8,53.0,5.0,Sunny
26.2,63.9,49.9,1.9,Sunny
34.6,47.6,13.2,7.2,Sunny
10.3,53.7,52.2,0.0,Cold
29.9,72.3,24.2,5.4,Sunny
34.2,84.1,29.0,7.3,Sunny
16.2,57.2,24.6,2.2,Cold
37.2,51.0,18.3,9.0,Hot
30.7,60.0,98.1,1.7,Cloudy
24.7,72.0,78.3,2.0,Rainy
33.1,31.1,93.0,3.6,Cloudy
46.2,14.1,14.4,8.9,Hot
29.5,49.0,46.8,5.4,Sunny
30.0,35.6,12.7,8.2,Sunny
24.3,49.8,27.6,3.8,Sunny
21.2,57.0,22.0,3.8,Sunny
34.6,50.9,76.0,4.6,Cloudy
21.2,89.0,35.1,2.0,Sunny
28.6,66.5,71.7,1.3,Cloudy
24.2,66.0,60.1,1.8,Cloudy
31.8,72.4,100.0,1.5,Rainy
30.7,37.2,8.0,8.0,Sunny
36.3,80.8,76.5,4.8,Rainy
23.9,58.5,73.7,1.5,Cloudy
25.8,73.4,20.7,5.4,Sunny
20.2,38.6,70.2,0.0,Cloudy
24.4,28.9,53.4,2.1,Sunny
31.0,76.4,39.3,5.1,Sunny
34.1,67.5,24.4,7.5,Cold
20.6,42.0,27.0,3.4,Sunny
35.0,42.6,96.2,4.1,Cloudy
38.8,82.5,45.0,6.9,Hot
31.3,36.2,64.6,4.5,Cloudy
43.0,92.9,25.2,8.9,Hot
21.8,42.0,25.5,2.2,Sunny
18.0,72.8,72.0,0.5,Rainy
13.8,53.4,11.3,0.7,Cold
40.0,72.1,34.6,7.7,Cloudy
33.2,49.1,45.9,4.9,Sunny
27.6,56.7,47.8,6.4,Cold
30.2,60.8,40.5,4.8,Sunny
19.0,40.0,54.9,0.0,Sunny
47.6,74.8,62.3,8.3,Cloudy
29.0,49.7,63.4,4.1,Cloudy
28.9,55.4,20.4,7.0,Sunny
33.8,40.1,37.9,5.3,Sunny
31.8,10.0,74.9,2.3,Cloudy
29.8,56.2,67.4,4.5,Cloudy
21.7,100.0,10.7,2.5,Sunny
31.8,75.7,53.8,4.3,Sunny
43.1,59.6,0.0,9.5,Hot
38.8,54.7,46.2,6.7,Hot
40.7,60.4,92.4,6.1,Cloudy
23.9,70.9,21.3,3.3,Sunny
20.1,36.4,24.1,2.6,Sunny
27.0,82.3,64.1,3.0,Cloudy
28.4,74.3,6.4,5.9,Sunny
36.8,74.4,29.2,7.1,Hot
14.5,68.8,59.9,0.5,Cloudy
40.2,60.4,29.1,8.7,Hot
26.7,73.5,39.1,4.4,Rainy
24.6,71.8,63.6,2.9,Hot
19.9,52.9,55.5,0.0,Cloudy
14.8,48.5,51.7,0.5,Cold
34.6,62.0,36.5,6.6,Sunny
28.6,91.0,54.3,4.6,Sunny
17.7,35.2,41.9,0.9,Cold
17.6,30.6,56.4,0.3,Cloudy
25.3,63.3,32.6,3.3,Sunny
41.4,61.0,40.4,8.2,Hot
25.9,63.5,20.3,5.6,Sunny
16.0,64.9,44.1,0.6,Cold
26.0,55.5,24.7,5.3,Sunny
25.8,89.8,17.1,4.8,Sunny
6.4,28.0,51.5,0.0,Cold
27.6,43.4,50.3,3.6,Sunny
26.2,57.9,64.6,3.6,Rainy
33.6,27.1,34.2,6.3,Sunny
42.8,56.5,55.2,9.7,Cloudy
37.0,93.2,58.8,5.0,Cloudy
25.8,60.4,56.1,3.6,Cloudy
19.1,64.6,24.4,2.1,Cold
48.0,34.8,48.7,8.2,Hot
28.5,47.7,54.1,3.8,Sunny
28.1,52.5,45.2,4.2,Sunny
27.8,53.6,0.0,8.8,Sunny
29.6,85.6,49.0,4.1,Sunny
26.8,71.2,100.0,0.4,Rainy
23.4,37.8,36.0,3.5,Sunny
23.6,64.9,26.8,1.6,Sunny
27.7,70.0,54.3,3.5,Sunny
23.7,82.8,52.8,2.7,Sunny
22.3,91.6,74.8,2.2,Rainy
28.9,39.7,13.6,6.5,Cloudy
26.0,43.8,63.3,2.3,Cloudy
40.0,34.8,59.8,6.4,Cloudy
6.8,55.3,41.4,0.0,Cold
36.7,69.3,53.5,4.8,Hot
38.0,79.7,70.7,5.9,Rainy
11.4,58.5,66.8,0.0,Cloudy
25.3,53.6,16.4,4.1,Sunny
25.0,63.0,65.5,1.5,Cloudy
16.7,43.3,43.4,1.8,Cold
21.8,100.0,46.8,4.2,Sunny
19.1,27.8,46.8,0.4,Sunny
42.0,63.7,41.2,6.0,Cloudy
35.5,100.0,74.8,4.7,Rainy
38.2,60.1,42.9,6.8,Hot
33.8,56.2,17.0,6.9,Sunny
19.0,52.9,35.2,1.7,Sunny
23.8,56.4,49.5,2.6,Sunny
31.9,87.5,75.7,4.2,Rainy
18.2,15.8,60.1,2.0,Cloudy
33.7,90.7,23.7,4.4,Sunny
26.1,31.5,100.0,1.0,Cloudy
25.0,54.7,51.6,3.3,Sunny
33.7,51.4,76.9,3.3,Cloudy
31.6,71.8,41.2,6.9,Sunny
25.1,28.0,58.3,2.2,Cloudy
37.3,69.2,66.0,5.6,Cloudy
19.4,100.0,75.5,1.2,Rainy
32.9,32.7,71.4,3.7,Cloudy
32.7,63.8,66.8,2.6,Cloudy
25.5,46.8,37.1,3.3,Sunny
30.6,68.5,30.7,6.4,Sunny
18.0,60.4,53.3,0.9,Sunny
35.4,47.2,68.3,4.2,Cloudy
26.5,69.8,39.4,4.8,Sunny
23.8,96.1,71.6,1.6,Rainy
36.4,56.2,81.3,4.3,Cloudy
22.4,74.4,22.1,3.7,Sunny
16.7,34.1,24.1,2.8,Cold
15.5,40.9,41.5,3.4,Cold
32.8,69.4,52.7,5.8,Sunny
17.8,89.7,31.9,3.2,Cold
42.0,67.1,78.8,5.8,Cloudy
11.3,53.7,55.6,0.0,Cloudy
41.6,60.0,46.0,7.6,Hot
29.7,35.0,9.1,6.1,Sunny
27.2,72.1,12.1,4.1,Cloudy
23.6,77.6,52.0,2.5,Sunny
31.2,51.0,0.0,7.1,Sunny
27.7,50.6,70.3,3.4,Cloudy
36.8,65.3,41.0,7.0,Hot
28.9,51.3,100.0,2.4,Cloudy
29.2,58.7,100.0,1.7,Cloudy
25.1,100.0,40.5,3.0,Sunny
27.5,55.1,42.3,2.9,Sunny
30.5,52.8,69.9,5.5,Cloudy
14.3,47.0,87.6,0.0,Cloudy
17.2,74.9,4.0,2.7,Cold
33.9,56.4,0.3,6.5,Sunny
29.4,47.0,29.4,8.0,Sunny
26.5,86.4,59.6,2.0,Cloudy
28.1,88.4,57.4,3.2,Cloudy
30.8,48.0,71.7,4.1,Cloudy
23.7,22.7,15.0,4.8,Sunny
21.8,80.2,0.0,5.3,Sunny
29.6,46.3,66.5,5.4,Cloudy
20.2,75.8,24.3,3.4,Sunny
31.3,20.6,0.0,5.7,Sunny
14.4,77.9,48.6,0.2,Cold
36.2,35.8,64.8,5.7,Cloudy
31.8,74.6,41.9,7.2,Sunny
30.0,60.3,33.6,3.7,Sunny
35.9,40.9,41.0,7.5,Sunny
41.3,51.9,35.7,8.0,Hot
36.1,73.7,11.3,8.3,Hot
13.3,62.1,27.1,0.9,Cold
17.8,71.7,58.0,0.1,Cloudy
23.0,99.5,53.0,3.2,Sunny
28.2,28.7,49.2,4.6,Sunny
32.1,92.3,20.1,7.1,Sunny
22.2,62.1,40.5,2.8,Sunny
29.5,42.0,0.0,5.7,Sunny
22.0,33.4,49.5,0.8,Sunny
23.1,56.2,80.7,2.2,Cloudy
16.7,78.4,8.1,3.1,Cold
20.6,57.4,30.4,1.8,Sunny
17.2,90.2,53.2,0.5,Cold
20.2,31.0,76.3,0.4,Cloudy
36.4,59.8,33.8,5.2,Hot
20.4,35.0,27.7,2.0,Sunny
48.0,67.3,0.0,9.9,Hot
31.9,77.7,47.6,4.6,Sunny
29.5,51.6,96.1,1.7,Cloudy
21.1,10.0,51.9,0.4,Sunny
33.6,64.0,44.4,7.6,Sunny
23.4,68.7,53.1,3.8,Sunny
29.0,68.1,44.7,3.6,Sunny
48.0,84.7,24.7,10.3,Hot
27.2,38.6,65.6,3.5,Cloudy
37.2,73.6,50.6,7.4,Hot
22.4,83.9,45.4,1.8,Sunny
27.7,24.4,20.6,6.1,Sunny
42.2,66.4,77.6,5.9,Cloudy
23.0,49.9,61.6,0.8,Cloudy
42.5,58.4,31.2,9.1,Cold
33.7,67.0,70.0,5.8,Cloudy
23.5,50.3,32.6,6.0,Rainy
33.1,46.5,25.4,5.0,Sunny
35.8,60.7,26.0,7.5,Sunny
33.0,38.3,0.7,6.7,Sunny
15.4,38.3,56.8,1.2,Cloudy
22.2,73.6,0.0,2.9,Sunny
26.0,37.0,14.3,3.5,Sunny
27.4,73.3,0.0,5.0,Sunny
33.0,69.3,42.8,5.5,Sunny
29.4,25.5,41.2,4.0,Sunny
17.3,46.4,36.8,2.3,Cold
31.0,83.9,18.9,6.9,Sunny
32.9,40.4,15.7,7.1,Sunny
32.5,50.7,56.6,6.4,Cloudy
36.6,69.2,31.2,7.3,Rainy
34.7,75.7,52.9,4.3,Sunny
31.7,55.0,22.9,7.3,Sunny
27.4,48.0,49.5,3.1,Sunny
14.7,88.4,77.6,0.3,Sunny
31.4,94.8,59.7,5.9,Rainy
29.7,79.6,34.7,5.4,Sunny
30.2,61.7,51.4,2.9,Sunny
17.8,43.8,39.0,0.8,Cold
19.4,43.4,45.2,3.2,Sunny
36.4,70.5,36.9,6.4,Hot
27.7,68.4,40.9,4.3,Sunny
33.5,88.0,50.3,6.0,Sunny
28.2,73.0,20.2,5.8,Sunny
28.2,29.9,19.6,5.4,Sunny
35.5,81.0,10.3,7.2,Sunny
23.9,40.0,5.0,4.3,Sunny
28.8,52.3,14.6,6.4,Sunny
24.3,65.0,49.0,3.5,Sunny
24.5,99.9,22.7,3.8,Sunny
25.5,100.0,57.8,4.0,Cloudy
29.8,72.1,45.9,4.4,Sunny
24.2,56.3,0.0,4.1,Sunny
38.0,70.7,61.4,5.2,Cloudy
20.8,77.8,65.3,0.5,Cloudy
26.5,53.6,20.2,4.4,Sunny
24.5,95.9,55.5,4.0,Cloudy
39.6,64.6,23.6,7.1,Hot
29.6,70.0,47.4,4.6,Sunny
36.3,73.3,13.4,6.8,Hot
16.1,68.4,0.2,2.6,Cold
30.1,76.8,35.4,3.5,Sunny
35.1,47.7,41.9,5.8,Sunny
28.7,48.8,35.1,4.5,Sunny
36.5,38.0,15.4,8.0,Hot
23.9,68.8,35.0,3.7,Sunny
39.3,75.6,51.7,5.5,Hot
46.4,69.2,43.9,9.9,Hot
25.1,93.5,49.6,3.4,Sunny
24.4,59.9,28.2,4.0,Sunny
39.6,73.4,74.3,5.9,Rainy
40.6,38.2,15.6,8.0,Hot
23.8,52.3,57.2,2.7,Cloudy
24.6,73.9,74.5,2.5,Rainy
25.7,77.0,57.0,1.3,Cloudy
17.2,54.1,39.9,1.0,Hot
20.7,58.6,31.8,2.5,Sunny
20.0,29.6,70.9,1.3,Cloudy
21.9,52.9,9.4,5.1,Sunny
27.7,77.8,20.7,4.2,Sunny
29.9,71.5,35.1,4.5,Sunny
40.4,70.0,75.9,5.5,Cloudy
20.0,61.0,54.5,0.9,Sunny
35.9,60.1,20.8,6.7,Sunny
26.3,46.8,37.2,4.7,Sunny
27.6,74.0,29.6,3.5,Sunny
33.4,68.4,27.3,6.6,Sunny
19.0,69.8,69.5,0.0,Cloudy
31.1,49.5,10.7,5.7,Cold
29.3,16.9,85.2,2.5,Cloudy
31.9,81.9,65.7,5.9,Cloudy
30.3,50.4,72.3,3.3,Cloudy
47.6,42.7,33.4,7.4,Hot
22.9,73.9,41.3,0.9,Sunny
23.8,52.2,9.2,4.5,Sunny
23.0,81.2,31.9,3.9,Sunny
23.6,72.3,57.3,2.8,Cloudy
22.9,73.7,77.4,1.7,Rainy
37.5,32.7,17.3,8.8,Hot
39.4,84.2,35.9,6.8,Hot
23.4,65.2,41.2,4.0,Sunny
21.3,52.6,10.1,2.1,Sunny
31.8,62.9,59.8,3.6,Cloudy
23.6,24.5,26.9,1.9,Sunny
33.1,68.2,40.1,5.3,Sunny
29.6,39.4,33.7,4.9,Sunny
15.9,32.9,25.3,1.9,Cold
40.4,29.6,44.8,7.3,Hot
42.4,82.3,39.6,7.1,Hot
23.1,47.4,35.7,3.0,Cold
24.9,90.7,26.8,2.5,Sunny
30.3,49.3,53.0,5.7,Sunny
30.7,25.9,86.3,2.8,Cloudy
33.3,37.7,48.5,4.8,Sunny
44.1,84.7,69.9,8.8,Cloudy
26.6,56.9,10.2,3.9,Sunny
21.6,49.0,48.9,1.2,Sunny
17.0,63.2,17.6,1.3,Cold
22.2,70.0,8.1,4.0,Sunny
27.7,82.3,26.5,5.2,Sunny
42.4,89.0,74.8,7.3,Rainy
23.9,52.8,68.8,4.7,Cloudy
29.8,33.5,51.1,2.1,Sunny
27.9,51.7,6.7,6.2,Sunny
37.5,65.2,40.1,6.2,Hot
48.0,40.7,52.5,8.3,Hot
23.8,40.9,49.4,2.2,Sunny
24.1,66.9,0.0,4.0,Sunny
36.4,59.0,22.7,8.8,Hot
33.5,60.7,43.4,6.4,Sunny
42.8,44.8,58.4,7.4,Cloudy
32.7,55.4,0.0,8.4,Sunny
25.1,41.5,40.9,2.0,Sunny
32.7,77.8,48.6,3.8,Sunny
36.9,80.7,66.2,3.3,Cloudy
34.6,23.1,62.3,4.4,Cloudy
32.1,41.4,59.6,4.7,Cloudy
36.5,30.1,25.0,7.2,Hot
37.4,47.0,0.0,8.4,Hot
39.1,58.3,35.2,5.9,Hot
33.2,31.0,70.0,5.2,Cloudy
26.7,41.6,79.8,2.6,Cloudy
29.2,39.9,62.8,4.4,Cloudy
37.7,64.1,55.7,4.2,Cloudy
21.5,61.4,54.5,2.4,Sunny
30.9,45.6,31.1,4.2,Sunny
24.9,63.5,41.7,3.0,Sunny
28.2,49.1,86.7,3.0,Cloudy
38.2,54.6,21.4,7.7,Hot
29.5,93.5,85.4,2.0,Rainy
28.4,86.8,36.9,4.5,Sunny
17.1,34.0,78.1,0.0,Cloudy
34.0,76.6,9.8,8.2,Sunny
33.2,76.2,59.6,4.6,Cloudy
45.3,37.0,26.6,10.4,Hot
25.5,76.4,9.6,4.3,Sunny
29.8,90.8,50.5,3.8,Sunny
30.0,37.5,70.2,2.8,Cloudy
40.6,41.6,23.9,9.0,Hot
27.2,80.4,7.5,4.7,Sunny
30.2,65.4,42.7,5.4,Sunny
32.9,71.0,42.8,5.0,Sunny
29.5,66.8,58.7,1.9,Cloudy
24.4,67.8,68.7,1.6,Cloudy
29.6,33.5,43.5,3.4,Sunny
36.6,80.9,91.4,4.5,Rainy
19.8,83.4,50.6,0.6,Sunny
29.1,55.4,36.3,5.6,Sunny
22.4,59.1,4.7,4.2,Sunny
37.6,29.4,38.4,6.6,Hot
15.8,70.3,36.6,2.0,Cold
23.5,71.4,69.0,2.9,Cloudy
31.0,58.8,56.6,4.4,Cloudy
40.5,82.5,15.5,7.7,Hot
27.5,53.3,49.3,2.0,Sunny
23.6,71.3,61.8,1.6,Cloudy
43.0,39.6,83.2,5.8,Cloudy
16.4,59.5,67.2,0.3,Cloudy
10.4,56.5,64.0,0.0,Cloudy
31.5,64.5,46.5,5.6,Sunny
24.0,52.6,54.7,2.1,Sunny
19.8,57.4,76.2,0.7,Cloudy
33.7,76.5,11.7,8.1,Sunny
30.0,51.3,36.3,5.3,Sunny
23.5,27.9,25.7,3.6,Sunny
17.8,95.0,54.5,0.5,Cold
35.0,87.6,75.8,4.0,Sunny
33.2,34.2,30.1,5.2,Sunny
27.2,73.8,0.0,5.1,Sunny
42.8,49.9,34.7,9.0,Hot
19.4,65.3,67.8,0.7,Cloudy
15.8,65.9,58.4,0.0,Cloudy
22.5,55.3,55.7,4.0,Cloudy
27.6,44.3,38.0,4.6,Hot
29.9,46.2,13.0,4.4,Sunny
26.1,41.7,57.9,2.6,Cloudy
30.8,43.4,24.1,5.7,Rainy
18.0,58.7,99.6,1.0,Cloudy
39.6,45.7,59.3,5.4,Cloudy
27.3,73.6,30.5,5.5,Sunny
36.9,89.7,29.7,8.4,Hot
30.7,48.4,42.7,4.2,Sunny
31.7,64.8,39.0,5.0,Sunny
32.6,70.0,72.9,3.1,Cloudy
31.6,69.4,49.7,4.6,Sunny
33.1,61.5,26.7,6.1,Sunny
38.6,74.9,92.3,5.6,Rainy
29.6,69.6,46.2,5.5,Sunny
33.7,35.2,64.2,4.0,Cloudy
27.3,77.4,29.8,2.5,Sunny
39.5,77.7,54.1,6.6,Hot
22.6,44.7,52.8,2.7,Sunny
42.4,60.8,0.0,9.8,Hot
27.7,73.7,95.4,1.7,Rainy
16.6,55.8,77.3,0.0,Cloudy
29.0,81.5,35.1,6.3,Sunny
22.6,100.0,17.4,4.2,Sunny
34.7,44.3,53.7,5.1,Sunny
22.8,32.4,47.2,2.2,Sunny
24.4,66.1,53.9,2.6,Cold
12.9,74.4,49.8,1.7,Cold
24.4,55.4,57.7,2.5,Cloudy
8.6,89.1,81.2,0.0,Rainy
15.3,33.2,59.2,0.0,Cloudy
34.1,73.9,18.8,7.8,Sunny
34.3,47.9,79.1,6.3,Cloudy
31.4,94.4,86.0,3.8,Rainy
20.3,99.9,100.0,0.0,Rainy
27.6,44.7,16.9,5.1,Sunny
28.0,49.0,51.1,1.5,Sunny
18.7,77.2,0.0,4.2,Sunny
40.0,52.3,58.8,6.7,Cloudy
35.0,59.1,31.3,6.9,Sunny
26.2,60.5,93.1,1.0,Cloudy
28.2,21.6,25.6,4.5,Sunny
29.7,59.7,2.8,5.8,Sunny
11.7,46.2,33.2,1.4,Cold
26.0,50.1,0.0,5.0,Sunny
22.5,88.9,63.8,4.0,Cloudy
20.0,34.9,0.0,4.3,Sunny
25.8,76.3,45.7,2.2,Sunny
42.4,54.4,0.0,9.4,Hot
33.1,54.4,37.0,5.1,Sunny
23.4,75.8,86.1,0.0,Rainy
32.6,66.8,54.0,6.5,Sunny
39.2,71.4,23.4,8.5,Hot
35.4,79.4,44.2,6.5,Sunny
28.5,53.4,45.5,4.4,Sunny
22.8,47.8,56.8,0.9,Cloudy
33.6,38.3,10.8,6.4,Sunny
31.1,43.5,59.8,5.1,Cloudy
35.2,100.0,0.0,6.7,Sunny
33.1,84.9,29.3,3.5,Sunny
36.4,33.0,32.8,6.5,Hot
23.7,33.6,60.8,2.2,Cloudy
38.5,69.6,45.6,6.9,Hot
29.6,70.9,9.9,6.6,Sunny
44.6,71.0,20.4,10.0,Hot
22.5,54.9,50.0,2.7,Sunny
41.9,57.5,43.0,8.9,Hot
29.6,66.6,30.5,3.6,Sunny
22.8,61.7,33.0,3.7,Sunny
24.1,15.6,62.4,3.0,Cold
25.4,55.4,32.1,2.7,Sunny
31.4,43.0,42.8,3.5,Sunny
32.2,63.5,99.2,2.2,Cloudy
23.4,100.0,9.4,3.7,Sunny
27.8,67.3,0.0,6.6,Sunny
45.1,53.7,64.6,7.1,Cloudy
41.8,78.4,28.0,7.4,Hot
31.5,69.7,37.0,4.7,Sunny
28.3,68.4,25.5,6.1,Sunny
29.0,72.1,38.5,4.6,Sunny
32.9,100.0,85.0,3.6,Rainy
19.8,37.4,65.1,1.1,Cloudy
25.9,69.5,66.6,4.0,Cloudy
14.7,41.5,9.6,1.3,Cold
31.2,71.1,16.2,7.4,Sunny
33.2,41.6,0.0,7.4,Sunny
24.1,51.7,24.8,3.7,Sunny
40.6,54.1,68.9,8.9,Cold
18.2,79.5,57.9,0.0,Cloudy
16.3,78.4,39.5,1.0,Cold
29.8,35.1,44.4,3.3,Sunny
36.4,61.1,27.8,7.9,Hot
41.5,45.8,50.1,9.0,Hot
24.3,34.8,64.1,4.0,Cloudy
36.6,55.7,4.6,9.1,Hot
27.7,53.8,52.5,3.5,Sunny
26.6,100.0,68.3,2.4,Cloudy
35.1,68.7,34.6,4.6,Sunny
33.2,32.4,62.5,6.7,Cloudy
15.4,48.7,100.0,0.0,Cloudy
39.8,80.4,42.4,6.7,Cloudy
39.0,100.0,54.8,7.8,Hot
23.0,28.3,26.5,2.6,Sunny
31.2,22.4,49.5,5.1,Sunny
32.0,97.4,56.5,4.5,Cloudy
30.1,67.8,49.9,5.1,Sunny
23.6,42.6,19.5,3.9,Sunny
22.6,70.7,50.2,1.0,Sunny
27.8,10.0,81.6,2.6,Cloudy
37.4,60.1,56.2,7.1,Cloudy
32.3,66.6,69.0,4.2,Cloudy
25.0,78.5,39.1,4.3,Sunny
34.2,39.7,63.7,3.9,Cloudy
5.2,61.7,52.0,0.0,Cold
37.2,41.5,21.2,6.8,Hot
14.1,65.1,53.0,1.0,Cold
25.1,42.1,20.2,4.4,Sunny
19.0,51.8,29.2,3.1,Sunny
17.6,40.1,49.7,2.3,Cold
37.3,73.0,52.4,6.9,Hot
24.3,77.2,15.3,4.6,Sunny
30.8,55.3,71.3,2.7,Cloudy
27.6,60.8,59.3,3.4,Cloudy
31.8,31.0,27.4,5.2,Sunny
28.6,54.0,6.6,5.4,Sunny
17.7,59.0,41.4,1.2,Cold
36.0,100.0,33.9,5.6,Sunny
24.0,37.8,47.8,1.0,Sunny
15.5,89.3,35.9,0.6,Cold
24.6,79.9,0.0,5.2,Sunny
40.0,65.6,35.3,6.2,Hot
34.8,95.2,37.4,6.1,Sunny
25.2,67.4,60.8,4.6,Cloudy
25.2,67.8,27.5,5.1,Sunny
25.4,58.9,87.0,3.4,Cloudy
44.6,84.5,0.0,10.5,Hot
31.1,81.9,77.8,4.7,Rainy
31.4,47.5,39.4,4.5,Sunny
36.2,33.6,66.5,4.7,Cloudy
29.9,55.9,47.0,1.8,Sunny
25.9,44.0,73.5,3.6,Cloudy
26.4,58.7,35.3,5.6,Sunny
27.4,84.7,17.5,4.5,Sunny
27.7,50.9,80.5,2.3,Cloudy
33.8,59.1,42.2,4.9,Sunny
28.4,61.2,50.5,4.3,Sunny
33.9,77.0,75.9,5.5,Rainy
27.4,15.1,19.2,3.2,Sunny
28.6,47.9,59.9,4.1,Cloudy
12.0,64.2,30.3,0.3,Cold
35.3,84.0,41.7,6.2,Sunny
30.8,50.2,46.8,5.2,Sunny
36.0,22.5,7.5,7.4,Sunny
5.0,72.4,25.5,0.0,Cold
44.7,47.3,78.8,6.8,Cloudy
26.9,36.2,67.2,3.9,Cloudy
36.9,47.5,43.4,6.8,Hot
19.7,56.3,51.1,1.9,Sunny
32.9,47.9,37.6,4.4,Sunny
19.6,15.9,78.9,0.2,Cloudy
23.0,77.9,40.0,3.9,Sunny
43.3,85.5,50.8,7.8,Hot
26.5,73.0,73.7,3.2,Rainy
29.7,37.2,25.6,7.1,Sunny
35.0,56.0,84.0,5.4,Cloudy
32.0,59.9,6.7,6.7,Cold
29.2,72.0,85.7,2.3,Rainy
30.9,73.4,35.7,2.6,Sunny
47.2,45.3,38.9,9.1,Hot
27.5,61.6,0.0,5.4,Sunny
29.6,69.1,33.6,5.3,Sunny
36.4,89.1,19.0,7.1,Cold
36.8,74.1,29.8,6.6,Hot
37.5,75.8,41.6,4.9,Hot
33.1,61.7,68.9,3.5,Cloudy
18.9,88.2,50.2,2.0,Sunny
41.1,68.2,52.7,8.8,Hot
18.8,42.8,17.6,2.7,Sunny
30.4,88.1,23.0,5.9,Sunny
22.0,74.0,90.0,1.7,Rainy
27.5,51.1,26.6,3.9,Sunny
30.6,50.4,86.4,3.5,Cloudy
30.6,65.9,38.9,4.3,Sunny
31.4,69.3,45.1,5.8,Sunny
40.9,63.9,71.8,6.5,Cloudy
31.6,66.2,76.8,4.0,Cloudy
26.0,94.0,42.2,2.9,Sunny
35.7,81.4,35.3,7.1,Sunny
37.5,63.8,43.6,8.7,Hot
18.2,78.8,53.4,0.2,Sunny
32.8,39.3,67.3,4.1,Cloudy
33.6,68.0,45.1,5.7,Sunny
25.6,96.2,60.5,3.6,Cloudy
39.0,55.6,86.0,4.7,Cloudy
26.8,43.0,54.5,0.6,Sunny
29.0,47.0,52.8,5.4,Sunny
26.6,38.2,7.0,6.0,Sunny
28.1,44.3,0.0,4.2,Sunny
19.2,52.6,54.7,0.8,Sunny
16.5,31.9,42.6,2.8,Cold
40.8,60.3,32.1,9.3,Hot
21.2,78.0,51.1,3.0,Sunny
20.1,41.8,43.5,1.9,Sunny
10.8,90.4,73.2,0.0,Rainy
22.9,70.2,47.2,2.6,Sunny
17.4,80.6,26.3,3.2,Cold
41.1,46.8,69.8,5.6,Cloudy
36.1,77.1,39.6,5.6,Hot
22.5,38.2,58.2,3.2,Cloudy
46.0,77.8,33.1,9.1,Hot
35.9,63.4,28.8,8.1,Sunny
25.4,71.1,47.1,2.7,Sunny
8.0,36.5,45.3,0.0,Cold
46.3,42.1,57.0,7.4,Cloudy
16.9,71.9,38.3,1.5,Cold
14.8,41.0,0.0,1.0,Cold
36.2,69.3,34.2,6.1,Hot
47.5,32.7,64.8,6.8,Cloudy
39.1,77.0,37.6,7.9,Hot
32.5,35.3,38.8,6.2,Sunny
32.8,71.0,69.7,2.6,Cloudy
34.8,72.5,27.2,7.9,Sunny
34.1,46.1,6.4,9.7,Sunny
30.2,71.6,41.0,4.9,Sunny
28.8,65.2,32.9,4.1,Sunny
27.5,49.2,20.8,7.7,Sunny
22.0,39.8,40.6,1.4,Sunny
25.8,20.7,57.3,3.0,Cloudy
14.5,67.0,44.8,0.8,Cold
27.2,28.7,52.7,4.9,Sunny
20.1,61.9,90.3,0.6,Cloudy
19.2,54.7,36.4,1.7,Sunny
29.4,73.6,52.0,3.2,Sunny
39.1,54.0,32.3,7.1,Hot
35.3,53.4,23.8,5.8,Sunny
15.4,74.6,30.4,1.5,Cold
20.1,66.7,33.0,2.0,Sunny
35.5,66.3,54.0,4.1,Sunny
20.1,69.4,100.0,1.1,Cloudy
26.2,29.3,27.1,3.8,Sunny
32.4,75.1,34.6,4.4,Sunny
20.3,72.2,43.4,2.0,Sunny
28.8,39.7,54.9,4.0,Sunny
17.3,55.1,51.6,0.0,Cold
23.2,59.2,77.1,1.9,Cloudy
30.6,57.3,0.0,5.5,Sunny
15.3,66.7,0.0,4.3,Cold
31.5,88.6,32.6,6.0,Sunny
27.8,81.6,72.4,2.5,Cloudy
32.4,33.8,5.9,6.0,Sunny
29.8,72.4,0.0,6.2,Sunny
38.9,86.6,59.3,6.9,Cloudy
29.0,67.7,51.1,4.1,Sunny
24.6,81.8,17.7,4.1,Sunny
29.0,100.0,20.4,5.4,Sunny
32.3,80.5,20.8,5.5,Sunny
28.4,65.0,47.8,3.7,Sunny
28.3,80.9,29.3,2.7,Sunny
22.4,62.9,57.4,3.1,Cloudy
22.7,60.5,0.0,4.8,Sunny
16.8,53.0,23.6,1.3,Cold
42.0,91.3,16.8,10.7,Hot
18.0,43.6,38.6,1.9,Sunny
22.5,90.6,31.5,2.2,Sunny
22.3,70.0,64.9,2.7,Cloudy
35.2,32.0,0.0,8.1,Sunny
25.6,67.4,46.1,3.8,Sunny
38.0,18.0,59.0,5.7,Cloudy
22.6,72.5,91.4,1.3,Rainy
30.2,77.7,33.0,4.9,Sunny
21.3,48.2,53.1,2.6,Sunny
45.2,62.5,0.0,8.4,Hot
18.5,99.1,0.0,3.0,Sunny
30.5,49.9,66.1,5.6,Cloudy
33.1,38.8,44.9,4.6,Sunny
31.3,89.6,74.5,3.1,Rainy
26.5,99.3,10.7,4.6,Sunny
27.0,60.1,58.0,2.1,Cloudy
28.4,80.2,91.7,0.1,Rainy
26.8,86.8,55.5,3.1,Cloudy
35.7,45.2,51.9,5.9,Sunny
45.7,50.3,45.2,8.6,Hot
23.5,84.6,5.7,4.4,Sunny
17.0,93.7,78.9,0.0,Rainy
27.3,71.3,29.7,5.5,Sunny
48.0,42.4,57.6,8.5,Cloudy
21.6,99.7,5.9,3.4,Sunny
41.1,49.4,15.5,8.3,Hot
41.4,53.3,80.9,6.7,Cloudy
23.6,66.8,36.3,4.7,Hot
32.6,91.1,81.3,3.2,Rainy
41.0,77.1,43.0,7.6,Hot
25.0,68.3,0.0,5.5,Sunny
26.4,69.3,67.3,1.8,Cloudy
23.3,60.9,30.3,3.5,Sunny
19.9,71.2,62.5,0.0,Cloudy
22.8,10.0,45.6,1.0,Sunny
18.2,54.1,6.4,3.5,Sunny
28.3,64.8,49.1,3.6,Sunny
21.8,37.0,99.9,0.5,Cloudy
29.9,67.7,57.3,4.1,Cloudy
15.6,55.9,43.6,0.0,Cold
30.6,95.1,71.9,3.6,Rainy
34.7,91.5,50.3,4.4,Sunny
12.1,50.7,50.2,1.2,Cold
31.0,57.0,17.7,4.6,Cloudy
37.8,58.5,50.8,6.2,Hot
18.3,51.0,70.9,0.0,Cloudy
41.4,63.9,24.1,8.9,Hot
31.4,44.8,80.6,3.2,Cloudy
22.4,37.4,42.7,2.2,Sunny
27.6,72.5,22.8,5.7,Sunny
32.5,72.6,69.9,4.3,Cloudy
28.6,43.9,37.8,5.0,Sunny
32.3,77.9,64.0,3.4,Cloudy
20.6,47.4,37.7,1.1,Sunny
29.4,65.1,43.5,4.6,Sunny
16.7,76.4,57.3,0.4,Cloudy
27.1,59.3,52.3,4.2,Sunny
20.8,69.1,0.0,4.0,Sunny
22.1,49.7,17.0,3.9,Sunny
37.9,56.1,68.2,4.1,Cloudy
36.7,55.9,41.7,8.3,Hot
32.9,45.1,31.9,5.7,Cold
19.3,56.5,11.0,3.9,Sunny
25.5,29.0,18.0,3.7,Sunny
37.7,50.2,0.0,8.7,Hot
29.1,54.3,42.5,3.2,Sunny
46.6,54.9,30.0,9.9,Hot
31.1,55.2,20.8,5.5,Sunny
29.5,58.8,43.3,4.6,Sunny
25.5,69.6,54.1,3.8,Sunny
29.1,77.5,97.3,1.0,Rainy
26.8,47.0,7.2,4.6,Sunny
33.7,35.9,74.0,4.8,Cloudy
35.7,39.2,69.3,7.2,Cloudy
21.7,50.3,25.5,3.1,Sunny
17.4,53.0,50.1,1.8,Cold
13.3,44.6,33.6,0.7,Cold
32.1,34.1,49.6,6.9,Sunny
19.2,50.9,82.7,0.0,Cloudy
10.8,63.6,60.1,0.0,Cloudy
31.1,71.9,57.7,2.7,Cloudy
47.9,48.9,34.2,7.1,Hot
28.0,51.7,7.9,5.9,Sunny
34.7,41.5,39.8,6.1,Sunny
28.7,59.4,75.2,2.8,Cloudy
27.2,43.0,6.8,5.3,Sunny
35.4,71.5,18.6,10.1,Sunny
25.7,24.3,48.2,3.1,Sunny
30.1,52.8,20.4,6.1,Sunny
30.6,66.0,25.2,4.9,Sunny
22.7,63.7,34.4,3.4,Cold
35.9,100.0,10.9,7.2,Sunny
26.6,67.0,20.6,4.3,Cold
22.0,39.9,62.6,3.7,Cloudy
32.3,58.1,12.3,7.7,Sunny
20.8,24.5,5.1,4.0,Sunny
28.2,58.4,29.2,2.5,Sunny
27.9,43.3,63.3,3.0,Cloudy
36.7,78.3,40.1,9.2,Hot
31.8,49.0,33.4,5.3,Sunny
27.8,57.7,46.1,5.1,Sunny
34.5,47.3,1.4,8.9,Sunny
39.1,94.8,57.4,6.6,Cloudy
32.5,53.6,54.6,4.0,Sunny
28.1,96.7,34.8,2.1,Sunny
17.5,76.3,70.1,1.1,Rainy
19.5,69.6,16.8,2.2,Sunny
25.6,67.4,73.2,2.5,Cloudy
23.1,67.9,48.9,1.4,Sunny
26.5,21.4,36.6,3.8,Sunny
28.5,54.4,44.5,4.3,Sunny
32.2,76.9,42.3,5.5,Sunny
27.4,59.0,75.5,1.6,Cloudy
31.9,31.9,18.1,7.4,Sunny
28.5,59.0,25.9,4.4,Sunny
12.2,94.1,70.9,0.0,Rainy
20.5,84.9,30.1,2.7,Sunny
26.8,58.8,67.5,2.9,Cloudy
18.3,79.0,87.5,0.1,Rainy
32.8,52.7,35.0,7.1,Sunny
40.2,25.9,62.0,6.3,Cloudy
37.8,41.5,16.2,7.6,Hot
26.3,91.3,63.9,1.8,Cloudy
39.9,54.5,50.0,7.7,Hot
29.2,55.1,56.8,4.1,Cloudy
25.3,54.0,28.9,3.6,Sunny
23.1,98.1,3.5,2.6,Sunny
25.6,92.5,57.6,4.4,Cloudy
24.9,100.0,0.0,3.9,Sunny
29.4,56.8,37.1,4.2,Sunny
29.3,65.9,68.5,3.8,Cloudy
28.0,29.7,49.8,2.7,Sunny
31.5,89.5,93.7,1.5,Rainy
37.5,36.6,70.6,3.4,Cloudy
35.6,64.3,28.7,7.4,Sunny
16.1,38.1,45.7,0.5,Cold
7.6,48.2,43.8,1.8,Cold
35.5,43.3,5.4,6.6,Sunny
17.1,47.8,21.5,1.3,Cold
26.2,49.2,31.0,3.6,Sunny
18.6,49.0,0.0,3.7,Sunny
13.6,76.7,46.2,0.0,Cold
32.3,37.9,38.8,6.0,Sunny
34.1,64.4,3.2,6.3,Sunny
23.4,84.4,55.1,1.1,Cloudy
7.3,49.7,62.9,0.0,Cloudy
23.6,45.6,50.7,0.5,Sunny
31.1,55.4,36.9,4.7,Sunny
16.2,83.6,59.8,0.2,Cloudy
29.5,63.9,62.0,3.2,Cloudy
27.9,49.4,52.7,5.0,Sunny
32.6,69.7,24.4,7.3,Sunny
29.0,38.0,51.9,3.7,Sunny
20.2,73.6,74.9,0.0,Rainy
37.6,68.2,30.1,6.6,Hot
26.7,53.8,97.4,1.1,Cloudy
27.8,43.2,31.9,3.9,Sunny
20.5,42.3,45.8,1.4,Sunny
24.5,70.7,28.2,3.2,Sunny
20.9,84.6,50.6,1.7,Sunny
26.6,47.3,1.4,4.8,Sunny
41.7,69.2,31.3,8.3,Hot
17.0,18.3,17.7,2.7,Cold
15.1,48.3,48.4,0.0,Cold
39.8,59.4,69.9,7.4,Cloudy
26.3,41.8,61.2,2.0,Cloudy
22.6,41.3,0.0,2.9,Sunny
36.3,46.6,96.1,4.5,Cloudy
23.2,65.8,52.4,1.7,Sunny
42.6,56.3,25.6,8.9,Cloudy
33.4,15.2,48.9,2.9,Sunny
24.1,17.6,49.4,4.3,Sunny
45.3,47.9,28.3,9.8,Hot
23.2,69.2,49.9,1.2,Sunny
33.9,10.0,29.8,4.7,Sunny
30.4,50.0,34.9,6.8,Sunny
38.4,49.5,27.8,6.7,Hot
40.5,87.8,9.2,7.9,Hot
28.3,52.3,48.6,1.8,Sunny
22.0,67.7,59.6,1.6,Cloudy
31.7,62.8,57.9,4.3,Cloudy
22.6,17.4,65.5,2.6,Cloudy
44.1,75.4,53.1,6.5,Hot
29.1,64.3,31.7,3.4,Sunny
25.1,70.2,66.0,3.0,Cloudy
29.5,100.0,11.1,6.8,Sunny
17.2,18.3,22.5,0.6,Cold
20.2,94.5,20.9,4.1,Sunny
37.6,54.3,72.0,5.5,Cloudy
22.7,65.7,68.6,2.9,Cloudy
19.6,59.1,57.2,1.4,Cloudy
32.3,51.5,71.8,1.6,Cloudy
37.5,48.6,23.0,7.2,Hot
33.8,66.6,53.7,6.3,Sunny
36.0,29.7,41.9,5.4,Sunny
21.9,75.0,66.2,1.3,Cloudy
16.6,51.7,42.1,1.1,Cold
40.0,37.4,35.4,4.6,Hot
25.4,51.0,58.5,4.5,Cloudy
26.0,85.1,66.9,1.8,Cloudy
38.6,49.3,28.3,8.0,Hot
32.4,67.2,43.5,5.2,Sunny
31.6,45.4,18.5,7.3,Sunny
45.3,75.2,0.0,10.7,Hot
22.9,73.7,50.0,2.3,Sunny
35.4,97.0,60.2,4.5,Cloudy
28.5,56.5,51.6,4.7,Sunny
30.1,73.4,0.0,4.5,Sunny
40.2,62.0,36.2,8.2,Hot
32.1,85.9,0.0,5.8,Sunny
32.3,45.6,79.2,5.1,Cloudy
36.6,74.9,17.8,7.5,Hot
25.1,56.1,76.4,2.7,Cloudy
21.3,58.7,68.6,1.5,Cloudy
19.6,61.8,22.5,1.1,Sunny
12.3,65.0,16.7,0.3,Cold
44.4,57.7,53.8,8.6,Hot
19.2,64.3,23.9,2.8,Sunny
26.2,91.6,47.6,4.7,Sunny
25.8,79.7,32.9,4.4,Sunny
30.5,77.4,0.5,5.5,Sunny
34.5,50.9,0.0,6.8,Sunny
34.9,42.2,50.7,5.7,Sunny
23.3,79.1,31.0,1.1,Sunny
26.7,77.5,31.2,6.0,Sunny
30.3,89.5,62.4,4.4,Cold
26.0,47.9,74.3,3.6,Cloudy
40.9,55.4,38.2,6.1,Hot
31.9,27.2,36.5,6.7,Sunny
33.9,52.2,57.5,7.3,Cloudy
33.3,79.9,11.1,5.5,Sunny
37.4,50.7,50.6,7.0,Hot
29.4,72.8,58.8,3.9,Cloudy
17.6,56.2,62.0,0.0,Cloudy
31.2,66.5,0.0,7.2,Sunny
22.8,37.0,26.0,4.3,Sunny
23.8,61.7,23.0,3.3,Sunny
32.7,10.0,47.5,6.4,Sunny
37.9,56.3,57.0,4.5,Cloudy
28.2,27.4,82.4,1.1,Cloudy
30.5,84.1,32.6,5.4,Sunny
41.6,75.5,32.6,8.1,Hot
29.9,69.3,73.7,2.7,Cloudy
48.0,90.4,52.4,9.7,Hot
32.5,41.0,76.7,4.5,Cloudy
13.9,94.9,52.2,1.0,Cold
34.0,78.6,16.1,6.7,Sunny
31.0,55.3,11.7,6.8,Sunny
38.3,82.7,6.2,7.8,Hot
33.4,37.9,61.6,6.9,Cloudy
26.9,43.5,74.7,1.8,Cloudy
18.2,47.8,91.2,1.8,Cloudy
26.3,49.4,66.1,2.8,Cloudy
21.2,38.9,74.1,0.0,Cloudy
23.4,84.5,30.5,4.9,Sunny
32.7,54.8,16.1,6.6,Sunny
41.4,67.1,66.3,7.5,Cloudy
31.2,48.6,55.4,5.7,Cloudy
18.4,23.6,47.7,1.9,Sunny
31.6,65.4,54.7,4.0,Sunny
37.6,21.8,53.1,7.2,Hot
23.1,58.6,77.1,1.5,Cloudy
26.9,32.6,77.4,3.2,Cloudy
28.1,99.7,58.6,1.4,Cloudy
21.7,78.2,66.1,2.1,Cloudy
33.2,62.1,57.9,4.3,Cloudy
27.0,85.3,33.5,5.9,Sunny
31.4,43.1,63.9,4.8,Cloudy
20.9,70.9,10.1,3.9,Sunny
24.5,64.0,71.3,2.6,Cloudy
33.8,65.3,15.1,5.8,Sunny
25.0,85.4,52.1,4.7,Sunny
41.8,74.6,23.9,10.4,Hot
24.8,65.8,58.8,3.1,Cloudy
29.8,26.9,44.2,6.2,Sunny
35.5,40.8,5.1,7.0,Sunny
16.7,57.5,55.5,0.0,Cloudy
13.9,61.9,30.6,1.1,Cold
15.8,37.4,67.0,0.5,Cloudy
38.1,100.0,45.0,6.3,Hot
23.6,90.3,54.9,3.1,Sunny
48.0,72.0,21.1,10.5,Hot
23.5,61.4,30.3,2.5,Sunny
29.5,55.8,33.5,5.4,Sunny
40.3,41.0,66.4,7.2,Cloudy
44.0,61.5,86.9,6.7,Cloudy
44.5,65.2,24.9,10.3,Hot
37.7,35.2,71.9,4.3,Cloudy
36.2,66.7,0.0,8.4,Hot
32.7,56.9,15.1,5.3,Sunny
